Titre,Prix_Actuel,Ancien_Prix,Discount,Rating,Image_URL,Source,Date_Collecte,Prix_Actuel_Clean,Ancien_Prix_Clean,Reduction_Reelle,Rating_Clean,Marque,CPU,Generation_CPU,RAM_GB,Stockage_GB,Type_Stockage,Etat_Produit,Taux_Completude,Gamme,CPU_Marque,CPU_Serie,CPU_Modele,CPU_Generation_Detectee,RAM_Type,RAM_Frequence,Stockage_SSD_GB,Stockage_HDD_GB,Stockage_NVMe,Stockage_Total_GB,Ecran_Taille,Ecran_Resolution_Width,Ecran_Resolution_Height,Ecran_Type,Ecran_Tactile,GPU_Marque,GPU_Serie,GPU_Modele,WiFi_Version,Bluetooth_Version,USB_Type,Batterie_Capacite,Batterie_Autonomie,Sentiment_BERT,Sentiment_Score_BERT,Keywords_TFIDF,Resume_Produit,Anomalie_Prix_ZScore,Anomalie_Prix_IQR,Type_Anomalie_Prix,Anomalie_ML,Anomalie_Score_ML,Anomalie_Score_Normalized,Incoherence_Spec_Prix,Severite_Incoherence,Produit_Suspect,Raisons_Suspicion,Indice_Confiance,Recommandation_Achat,Score_Fiabilite_Vendeur
"Hp PC Portable Probook 650 Core i3 G3- 7ème Génération- 256Gb SSD- 8GB RAM -Ecran 15.6""- GARANTIE 6 MOIS -remis a neuf - AZERTY","1,999.00 Dhs","3,299.00 Dhs",39%,5 out of 5,https://ma.jumia.is/unsafe/fit-in/300x300/filters:fill(white)/product/52/108176/1.jpg?9241,Jumia,2026-01-28 17:12:02,1999.0,3299.0,39.41,5.0,Hp,i3,3.0,8.0,256.0,SSD,Remis à neuf,100.0,Entrée de gamme,,,,7.0,,,256.0,,False,256.0,15.6,,,,False,,,,,,,,,Négatif,0.2,"7ème, ram ecran, 15 garantie, probook 650, 650","Hp | Processeur i3 | 8GB RAM | 256GB SSD | Écran 15.6"" | Remis à neuf | 1999 Dhs",False,False,Normal,False,-0.38375354842955894,0.9347930405300084,Cohérent,0,False,OK,100.0,À considérer,5.0
Pc Portable HP EliteBook 840 G8 Tactile I5-1145g7 11éme Génération RAM 16Go DDR4 256Gb SSD QWERTY - REMIS A NEUF,"3,890.00 Dhs","4,990.00 Dhs",22%,,https://ma.jumia.is/unsafe/fit-in/300x300/filters:fill(white)/product/74/250476/1.jpg?3449,Jumia,2026-01-28 17:12:02,3890.0,4990.0,22.04,,Hp,i5,840.0,,256.0,SSD,Remis à neuf,66.7,Milieu de gamme,,,,,DDR4,,256.0,,False,256.0,,,,,True,,,,,,,,,Positif,1.0,"ssd qwerty, qwerty, elitebook 840, génération ram, 840",Hp | Processeur i5 | 256GB SSD | Remis à neuf | 3890 Dhs,False,False,Normal,False,-0.4252043882299624,0.8281652056557531,Cohérent,0,False,OK,90.0,À considérer,5.0
Lenovo PC portable Thinkpad-L440 Core i5 RAM 8GB 500 HDD 6ème Génération Remis à Neuf,"1,789.00 Dhs","3,299.00 Dhs",46%,,https://ma.jumia.is/unsafe/fit-in/300x300/filters:fill(white)/product/77/426956/1.jpg?3307,Jumia,2026-01-28 17:12:02,1789.0,3299.0,45.77,,Lenovo,i5,8.0,,8.0,Inconnu,Remis à neuf,66.7,Entrée de gamme,,,,6.0,,,,,False,,,,,,False,,,,,,,,,Positif,1.0,"6ème génération, ram 8gb, 6ème, hdd, portable thinkpad",Lenovo | Processeur i5 | Remis à neuf | 1789 Dhs,False,False,Normal,False,-0.39691122077055513,0.9009463411516369,Cohérent,0,False,OK,90.0,À considérer,5.0
"Hp PC Portable Probook 650 Core i5 G2- 5ème Génération- 256Gb SSD- 8GB RAM -Ecran 15.6""- GARANTIE 6 MOIS -remis a neuf - AZERTY","2,099.00 Dhs","3,499.00 Dhs",40%,,https://ma.jumia.is/unsafe/fit-in/300x300/filters:fill(white)/product/69/697376/1.jpg?7101,Jumia,2026-01-28 17:12:02,2099.0,3499.0,40.01,,Hp,i5,5.0,8.0,256.0,SSD,Remis à neuf,83.3,Entrée de gamme,,,,5.0,,,256.0,,False,256.0,15.6,,,,False,,,,,,,,,Négatif,0.2,"ram ecran, probook 650, 15 garantie, 650, 650 core","Hp | Processeur i5 | 8GB RAM | 256GB SSD | Écran 15.6"" | Remis à neuf | 2099 Dhs",False,False,Normal,False,-0.3618787027887524,0.9910637322727857,Cohérent,0,False,OK,95.0,À considérer,5.0
"DELL Pc Portable Latitude 7420 Intel Core I5-1145g7 11éme Génération RAM 16Go DDR4 256Gb SSD Ecran IPS 14""QWERTY - REMIS A NEUF","3,690.00 Dhs","3,990.00 Dhs",8%,,https://ma.jumia.is/unsafe/fit-in/300x300/filters:fill(white)/product/18/566376/1.jpg?3857,Jumia,2026-01-28 17:12:02,3690.0,3990.0,7.52,,Dell,i5,1145.0,,256.0,SSD,Remis à neuf,66.7,Milieu de gamme,Intel,i5,1145g,,DDR4,,256.0,,False,256.0,14.0,,,IPS,False,,,,,,,,,Positif,0.8,"dell pc, qwerty, génération ram, dell, 16go ddr4","Dell | Processeur i5 | 256GB SSD | Écran 14.0"" | Remis à neuf | 3690 Dhs",False,False,Normal,False,-0.5249986638480724,0.5714551463845253,Cohérent,0,False,OK,90.0,À considérer,5.0
"Hp PC Portable Probook 650 Core i5 G2- 5ème Génération- 256Gb SSD- 8GB RAM -Ecran 15.6""- GARANTIE 6 MOIS -remis a neuf - AZERTY","2,099.00 Dhs","3,299.00 Dhs",36%,,https://ma.jumia.is/unsafe/fit-in/300x300/filters:fill(white)/product/71/697376/1.jpg?0061,Jumia,2026-01-28 17:12:02,2099.0,3299.0,36.37,,Hp,i5,5.0,8.0,256.0,SSD,Remis à neuf,83.3,Entrée de gamme,,,,5.0,,,256.0,,False,256.0,15.6,,,,False,,,,,,,,,Négatif,0.2,"ram ecran, probook 650, 15 garantie, 650, 650 core","Hp | Processeur i5 | 8GB RAM | 256GB SSD | Écran 15.6"" | Remis à neuf | 2099 Dhs",False,False,Normal,False,-0.35985448282707505,0.9962708207868476,Cohérent,0,False,OK,95.0,À considérer,5.0
Acer Pc Portable Aspire Go 15 - i5-13420 / 16Go / 512Go Windows 11 (NX.J4GEF.00A),"6,490.00 Dhs","7,200.00 Dhs",10%,,https://ma.jumia.is/unsafe/fit-in/300x300/filters:fill(white)/product/32/180376/1.jpg?1263,Jumia,2026-01-28 17:12:02,6490.0,7200.0,9.86,,Acer,i5,16.0,,16.0,Inconnu,Non spécifié,66.7,Haut de gamme,,,,,,,,,False,,,,,,False,,,,,,,,,Positif,1.0,"windows, 16go, 15, i5, pc portable",Acer | Processeur i5 | 6490 Dhs,False,False,Normal,False,-0.4191633063575043,0.8437052401510747,Cohérent,0,False,OK,90.0,À considérer,5.0
XIAOMI Monitor A22I (Black),699.00 Dhs,899.00 Dhs,22%,4.6 out of 5,https://ma.jumia.is/unsafe/fit-in/300x300/filters:fill(white)/product/04/034646/1.jpg?2339,Jumia,2026-01-28 17:12:03,699.0,899.0,22.25,4.6,Xiaomi,Autre,,,,,Non spécifié,66.7,Entrée de gamme,,,,,,,,,False,,,,,,False,,,,,,,,,Positif,1.0,,Xiaomi | Processeur Autre | 699 Dhs,False,False,Normal,False,-0.3666294978448146,0.9788428220765513,Cohérent,0,False,OK,90.0,À considérer,5.0
Asus ORDINATEUR PORTABLE,"4,500.00 Dhs","4,900.00 Dhs",8%,,https://ma.jumia.is/unsafe/fit-in/300x300/filters:fill(white)/product/20/118756/1.jpg?6117,Jumia,2026-01-28 17:12:03,4500.0,4900.0,8.16,,Asus,Autre,,,,,Non spécifié,50.0,Milieu de gamme,,,,,,,,,False,,,,,,False,,,,,,,,,Positif,1.0,"ordinateur portable, ordinateur, portable",Asus | Processeur Autre | 4500 Dhs,False,False,Normal,False,-0.37748911227782667,0.9509076299275608,Cohérent,0,False,OK,85.0,À considérer,5.0
Hp Pc Portable ProBook x360 435 G8 Ryzen 7 Pro 5850U RAM 16Go DDR4 512Gb SSD QWERTY Tactile - Remis a neuf,"4,280.00 Dhs","7,000.00 Dhs",39%,,https://ma.jumia.is/unsafe/fit-in/300x300/filters:fill(white)/product/60/748376/1.jpg?9594,Jumia,2026-01-28 17:12:03,4280.0,7000.0,38.86,,Hp,Ryzen 7,435.0,,512.0,SSD,Remis à neuf,66.7,Haut de gamme,,,,,DDR4,,512.0,,False,512.0,,,,,True,,,,,,,,,Neutre,0.6,"ssd qwerty, qwerty, ram 16go, 16go ddr4, 512gb",Hp | Processeur Ryzen 7 | 512GB SSD | Remis à neuf | 4280 Dhs,False,False,Normal,False,-0.4353217144198511,0.802139470313862,Cohérent,0,False,OK,90.0,À considérer,5.0
Asus ORDINATEUR PORTABLE,"3,490.00 Dhs","3,900.00 Dhs",11%,,https://ma.jumia.is/unsafe/fit-in/300x300/filters:fill(white)/product/33/018756/1.jpg?5245,Jumia,2026-01-28 17:12:03,3490.0,3900.0,10.51,,Asus,Autre,,,,,Non spécifié,50.0,Milieu de gamme,,,,,,,,,False,,,,,,False,,,,,,,,,Positif,1.0,"ordinateur portable, ordinateur, portable",Asus | Processeur Autre | 3490 Dhs,False,False,Normal,False,-0.36647129757257296,0.9792497752911754,Cohérent,0,False,OK,85.0,À considérer,5.0
Hp Ordinateur portable 15 N100 4GB 256SSD W11H GRAY,"3,990.00 Dhs","4,800.00 Dhs",17%,,https://ma.jumia.is/unsafe/fit-in/300x300/filters:fill(white)/product/98/442756/1.jpg?1445,Jumia,2026-01-28 17:12:03,3990.0,4800.0,16.88,,Hp,Autre,4.0,,4.0,Inconnu,Non spécifié,66.7,Milieu de gamme,,,,,,,,,False,,,,,,False,,,,,,,,,Positif,1.0,"15, ordinateur portable, ordinateur, hp, portable",Hp | Processeur Autre | 3990 Dhs,False,False,Normal,False,-0.3972198450342814,0.9001524383697087,Cohérent,0,False,OK,90.0,À considérer,5.0
"DELL Ordinateur portable Latitude E7270 - 12,5 pouces - Processeur Intel Core i5 de 6e génération - 8 Go de RAM - SSD de 256 Go - (Occasion en bon état)","1,749.00 Dhs","2,299.00 Dhs",24%,,https://ma.jumia.is/unsafe/fit-in/300x300/filters:fill(white)/product/68/320576/1.jpg?6623,Jumia,2026-01-28 17:12:03,1749.0,2299.0,23.92,,Dell,i5,6.0,,8.0,Inconnu,Occasion,66.7,Entrée de gamme,,,,,,,,,False,,,,,,False,,,,,,,,,Positif,1.0,"256, en, génération ram, dell, ordinateur portable",Dell | Processeur i5 | Occasion | 1749 Dhs,False,False,Normal,False,-0.37750715409499785,0.9508612192900099,Cohérent,0,False,OK,90.0,À considérer,5.0
Asus PC Portable 90NB10J2-M00N90,"6,400.00 Dhs",,,,https://ma.jumia.is/unsafe/fit-in/300x300/filters:fill(white)/product/97/712376/1.jpg?2536,Jumia,2026-01-28 17:12:03,6400.0,,0.0,,Asus,Autre,,,,,Non spécifié,50.0,Haut de gamme,,,,,,,,,False,,,,,,False,,,,,,,,,Positif,1.0,"pc portable, pc, portable",Asus | Processeur Autre | 6400 Dhs,False,False,Normal,False,-0.4359726484745232,0.8004650123479964,Cohérent,0,False,OK,85.0,À considérer,5.0
"Hp PC Portable Probook 650 Core i3 G3- 7ème Génération- 500Go HDD- 8GB RAM -Ecran 15.6""- GARANTIE 6 MOIS -remis a neuf - AZERTY","1,959.00 Dhs","2,999.00 Dhs",35%,3.7 out of 5,https://ma.jumia.is/unsafe/fit-in/300x300/filters:fill(white)/product/78/008176/1.jpg?4419,Jumia,2026-01-28 17:12:03,1959.0,2999.0,34.68,3.7,Hp,i3,3.0,8.0,500.0,Inconnu,Remis à neuf,100.0,Entrée de gamme,,,,7.0,,,,500.0,False,500.0,15.6,,,,False,,,,,,,,,Négatif,0.2,"7ème, ram ecran, 500go hdd, probook 650, 650","Hp | Processeur i3 | 8GB RAM | 500GB Inconnu | Écran 15.6"" | Remis à neuf | 1959 Dhs",False,False,Normal,False,-0.42057962586087755,0.8400619102966722,Cohérent,0,False,OK,100.0,À considérer,5.0
Lenovo Ordinateur portable ThinkPad E14 Gen 5 I7 13 EME GEN / 16 GB / 512 SSD / NEUF SANS EMBALLAGE,"8,500.00 Dhs",,,,https://ma.jumia.is/unsafe/fit-in/300x300/filters:fill(white)/product/90/219366/1.jpg?0569,Jumia,2026-01-28 17:12:03,8500.0,,0.0,,Lenovo,i7,14.0,,16.0,Inconnu,Neuf,66.7,Haut de gamme,,,,,,,,,False,,,,,,False,,,,,,,,,Positif,1.0,"i7, sans, portable thinkpad, thinkpad, ordinateur portable",Lenovo | Processeur i7 | Neuf | 8500 Dhs,False,False,Normal,False,-0.48479567506112686,0.674873018506485,Cohérent,0,False,OK,90.0,À considérer,5.0
"Hp ProBook 640 - Intel Core i3 (6ème Gen) - 8Go RAM - 320Go HDD - 14"" - AZERTY - (Remis à Neuf)","1,899.00 Dhs","4,499.00 Dhs",58%,3.5 out of 5,https://ma.jumia.is/unsafe/fit-in/300x300/filters:fill(white)/product/32/986316/1.jpg?1124,Jumia,2026-01-28 17:12:03,1899.0,4499.0,57.79,3.5,Hp,i3,6.0,,8.0,Inconnu,Remis à neuf,83.3,Entrée de gamme,,,,6.0,,,,320.0,False,320.0,14.0,,,,False,,,,,,,,,Neutre,0.6,"8go, 6ème, azerty remis, core i3, probook 640","Hp | Processeur i3 | 320GB Inconnu | Écran 14.0"" | Remis à neuf | 1899 Dhs",False,False,Normal,False,-0.45644885431741683,0.7477921713155676,Cohérent,0,False,OK,95.0,À considérer,5.0
Lenovo PC PORTABLE LENOVO THINKPAD T540P-I5-8G-256Go SSD-FULL HD-REMIS A NEUF,"2,189.00 Dhs","3,099.00 Dhs",29%,5 out of 5,https://ma.jumia.is/unsafe/fit-in/300x300/filters:fill(white)/product/60/775685/1.jpg?0365,Jumia,2026-01-28 17:12:03,2189.0,3099.0,29.36,5.0,Lenovo,i5,8.0,,256.0,Inconnu,Remis à neuf,83.3,Entrée de gamme,,,,,,,256.0,,False,256.0,,,,,False,,,,,,,,,Positif,1.0,"lenovo, 256go ssd, 256go, thinkpad, lenovo pc",Lenovo | Processeur i5 | 256GB Inconnu | Remis à neuf | 2189 Dhs,False,False,Normal,False,-0.36552079138547094,0.9816948504031224,Cohérent,0,False,OK,95.0,À considérer,5.0
"Hp EliteBook X360 G3 - Intel Core i5 - 8Go RAM - 512Go SSD - 13.3"" Tactile - (Remis à Neuf)","3,489.00 Dhs","9,999.00 Dhs",65%,4.4 out of 5,https://ma.jumia.is/unsafe/fit-in/300x300/filters:fill(white)/product/20/824916/1.jpg?4684,Jumia,2026-01-28 17:12:03,3489.0,9999.0,65.11,4.4,Hp,i5,360.0,,8.0,Inconnu,Remis à neuf,83.3,Milieu de gamme,,,,,,,512.0,,False,512.0,13.3,,,,True,,,,,,,,,Neutre,0.6,"8go, g3, tactile remis, elitebook x360, x360","Hp | Processeur i5 | 512GB Inconnu | Écran 13.3"" tactile | Remis à neuf | 3489 Dhs",False,False,Normal,True,-0.5359594269939663,0.5432597600318266,Cohérent,0,True,Anomalie ML,45.0,Non recommandé - Vérifier,3.0
Hp PC Portable ELITEBOOK 840 G7 -10810U- 10EME GENERATION -INTEL CORE I5-10éme -8GB- 256GB SSD- FHD - À NEUF/,"3,589.00 Dhs","5,299.00 Dhs",32%,5 out of 5,https://ma.jumia.is/unsafe/fit-in/300x300/filters:fill(white)/product/55/151166/1.jpg?2019,Jumia,2026-01-28 17:12:04,3589.0,5299.0,32.27,5.0,Hp,i5,840.0,,256.0,SSD,Neuf,83.3,Milieu de gamme,,,,,,,256.0,,False,256.0,,,,,False,,,,,,,,,Positif,1.0,"8gb 256gb, i5 10éme, ssd fhd, g7, elitebook 840",Hp | Processeur i5 | 256GB SSD | Neuf | 3589 Dhs,False,False,Normal,False,-0.454806401922248,0.752017203754577,Cohérent,0,False,OK,95.0,À considérer,5.0
Hp PC Portable ELITEBOOK X360 G3 I5-8éme -16GB- 512GB SSD - TACTILE - REMIS À NEUF,"3,889.00 Dhs","6,999.00 Dhs",44%,5 out of 5,https://ma.jumia.is/unsafe/fit-in/300x300/filters:fill(white)/product/42/591536/1.jpg?2246,Jumia,2026-01-28 17:12:04,3889.0,6999.0,44.43,5.0,Hp,i5,360.0,,512.0,SSD,Remis à neuf,83.3,Milieu de gamme,,,,,,,512.0,,False,512.0,,,,,True,,,,,,,,,Négatif,0.2,"ssd tactile, g3, elitebook x360, tactile remis, 512gb ssd",Hp | Processeur i5 | 512GB SSD | Remis à neuf | 3889 Dhs,False,False,Normal,False,-0.45603741934910047,0.748850543596428,Cohérent,0,False,OK,95.0,À considérer,5.0
"DELL PC GAMER Optiplex 3020 MT Intel Core i5- 4th Gen - RAM 16Go, 500Go HDD, 256Go SSD, RADEON R5 430 2Go (Remis à Neuf)","1,399.00 Dhs","1,950.00 Dhs",28%,3.5 out of 5,https://ma.jumia.is/unsafe/fit-in/300x300/filters:fill(white)/product/06/937376/1.jpg?3929,Jumia,2026-01-28 17:12:04,1399.0,1950.0,28.26,3.5,Dell,i5,16.0,,16.0,Inconnu,Remis à neuf,83.3,Entrée de gamme,,,,4.0,,,256.0,500.0,False,756.0,,,,,False,AMD,,R5,,,,,,Positif,1.0,"dell pc, 256go ssd, 500go hdd, 256go, dell",Dell | Processeur i5 | 756GB Inconnu | Remis à neuf | 1399 Dhs,False,False,Normal,False,-0.40669122371929345,0.8757883336297326,Cohérent,0,False,OK,95.0,À considérer,5.0
"Hp Ordinateur portable ProBook 450 G10 Intel® Core™ i5-1335U 8 Go 256 Go SSD 15,6 pouces FHD - AZERTY","8,100.00 Dhs","8,300.00 Dhs",2%,,https://ma.jumia.is/unsafe/fit-in/300x300/filters:fill(white)/product/89/139956/1.jpg?7065,Jumia,2026-01-28 17:12:04,8100.0,8300.0,2.41,,Hp,i5,450.0,,8.0,Inconnu,Non spécifié,66.7,Haut de gamme,,,,,,,256.0,,False,256.0,,,,,False,,,,,,,,,Positif,1.0,"256, fhd, portable probook, 15, probook",Hp | Processeur i5 | 256GB Inconnu | 8100 Dhs,False,False,Normal,False,-0.520903788231465,0.5819887742478136,Cohérent,0,False,OK,90.0,À considérer,5.0
"Hp PC Portable EliteBook X360 G2 - 14"" - Intel Core i5 7ème Génération - 8GB RAM + 256GB SSD - Windows - Tactile - Remis à neuf","3,599.00 Dhs","8,899.00 Dhs",60%,3 out of 5,https://ma.jumia.is/unsafe/fit-in/300x300/filters:fill(white)/product/12/153575/1.jpg?2179,Jumia,2026-01-28 17:12:04,3599.0,8899.0,59.56,3.0,Hp,i5,360.0,8.0,256.0,SSD,Remis à neuf,100.0,Milieu de gamme,,,,7.0,,,256.0,,False,256.0,14.0,,,,True,,,,,,,,,Positif,1.0,"7ème, g2, windows, tactile remis, elitebook x360","Hp | Processeur i5 | 8GB RAM | 256GB SSD | Écran 14.0"" tactile | Remis à neuf | 3599 Dhs",False,False,Normal,False,-0.5115168193979485,0.6061357437077722,Cohérent,0,False,OK,100.0,À considérer,5.0
Hp Ordinateur portable Pavilion x360 2-en-1 14-ek1001nk i5-1335U 8 Go 512SSD Windows 11,"9,200.00 Dhs",,,,https://ma.jumia.is/unsafe/fit-in/300x300/filters:fill(white)/product/88/475176/1.jpg?3743,Jumia,2026-01-28 17:12:04,9200.0,,0.0,,Hp,i5,8.0,,8.0,Inconnu,Non spécifié,66.7,Haut de gamme,,,,,,,,,False,,,,,,False,,,,,,,,,Positif,1.0,"en, windows, x360, 14, ordinateur portable",Hp | Processeur i5 | 9200 Dhs,False,False,Normal,False,-0.48456445052564884,0.675467818797783,Cohérent,0,False,OK,90.0,À considérer,5.0
Hp Ordinateur Portable 250 G9 – i3 (778N7ES),"4,610.00 Dhs","5,500.00 Dhs",16%,,https://ma.jumia.is/unsafe/fit-in/300x300/filters:fill(white)/product/80/127966/1.jpg?5745,Jumia,2026-01-28 17:12:04,4610.0,5500.0,16.18,,Hp,i3,250.0,,,,Non spécifié,50.0,Entrée de gamme,,,,,,,,,False,,,,,,False,,,,,,,,,Positif,1.0,"i3, ordinateur portable, ordinateur, hp, portable",Hp | Processeur i3 | 4610 Dhs,True,False,Anomalie détectée (Entrée de gamme),False,-0.4051206284559502,0.8798285213123093,Cohérent,0,True,Anomalie prix,55.0,Non recommandé - Vérifier,3.0
"Hp PC Portable HP Probook 640 Core i5 4eme 320Gb 8GB RAM 14""- remis a neuf","1,989.00 Dhs","2,999.00 Dhs",34%,4 out of 5,https://ma.jumia.is/unsafe/fit-in/300x300/filters:fill(white)/product/71/673026/1.jpg?5488,Jumia,2026-01-28 17:12:12,1989.0,2999.0,33.68,4.0,Hp,i5,320.0,8.0,320.0,Inconnu,Remis à neuf,100.0,Entrée de gamme,,,,,,,,,False,,14.0,,,,False,,,,,,,,,Négatif,0.2,"14 remis, hp, probook 640, 640, 8gb ram","Hp | Processeur i5 | 8GB RAM | Écran 14.0"" | Remis à neuf | 1989 Dhs",False,False,Normal,False,-0.4205778173215069,0.8400665625700231,Cohérent,0,False,OK,100.0,À considérer,5.0
Lenovo Ordinateur portable-i5 1245u-16GB-256G SSD-Win10Pro-Azerty-Garantie 24 Mois,"13,960.00 Dhs","15,000.00 Dhs",7%,,https://ma.jumia.is/unsafe/fit-in/300x300/filters:fill(white)/product/09/592056/1.jpg?6025,Jumia,2026-01-28 17:12:12,13960.0,15000.0,6.93,,Lenovo,i5,16.0,,256.0,SSD,Non spécifié,66.7,Haut de gamme,,,,,,,,,False,,,,,,False,,,,,,,,,Positif,1.0,"mois, garantie, 16gb, ordinateur portable, azerty",Lenovo | Processeur i5 | 13960 Dhs,False,True,Prix anormalement élevé (Haut de gamme),True,-0.5563884592045285,0.49070826810361073,Cohérent,0,True,Anomalie ML + Anomalie prix,40.0,Non recommandé - Vérifier,3.0
Lenovo PC PORTABLE THINKPAD L570P-I5-6TH GENERATION-8G-256Go SSD-AZERTY-REMIS A NEUF,"1,989.00 Dhs","4,599.00 Dhs",57%,4 out of 5,https://ma.jumia.is/unsafe/fit-in/300x300/filters:fill(white)/product/26/476846/1.jpg?8806,Jumia,2026-01-28 17:12:12,1989.0,4599.0,56.75,4.0,Lenovo,i5,8.0,,256.0,Inconnu,Remis à neuf,83.3,Entrée de gamme,,,,,,,256.0,,False,256.0,,,,,False,,,,,,,,,Neutre,0.6,"256go ssd, 256go, azerty remis, portable thinkpad, lenovo pc",Lenovo | Processeur i5 | 256GB Inconnu | Remis à neuf | 1989 Dhs,False,False,Normal,False,-0.4098280233127919,0.8677192534687578,Cohérent,0,False,OK,95.0,À considérer,5.0
"Pc Portable HP EliteBook 830 G7 I5-10310U 10ème Génération RAM 16Go DDR4 256Gb SSD Ecran 13.3""Tactile -QWERTZ Germany - REMIS A NEUF","3,590.00 Dhs","4,990.00 Dhs",28%,,https://ma.jumia.is/unsafe/fit-in/300x300/filters:fill(white)/product/13/776966/1.jpg?5506,Jumia,2026-01-28 17:12:12,3590.0,4990.0,28.06,,Hp,i5,830.0,,256.0,SSD,Remis à neuf,66.7,Milieu de gamme,,,,10.0,DDR4,,256.0,,False,256.0,13.3,,,,True,,,,,,,,,Positif,1.0,"g7, génération ram, ram 16go, 16go ddr4, ecran","Hp | Processeur i5 | 256GB SSD | Écran 13.3"" tactile | Remis à neuf | 3590 Dhs",False,False,Normal,False,-0.42674019276639924,0.8242145133827169,Cohérent,0,False,OK,90.0,À considérer,5.0
Hp Pc Portable ProBook x360 435 G8 Ryzen 7 Pro 5850U RAM 16Go DDR4 512Gb SSD QWERTY Tactile - REMIS A NEUF,"4,490.00 Dhs","4,990.00 Dhs",10%,5 out of 5,https://ma.jumia.is/unsafe/fit-in/300x300/filters:fill(white)/product/56/896966/1.jpg?0744,Jumia,2026-01-28 17:12:12,4490.0,4990.0,10.02,5.0,Hp,Ryzen 7,435.0,,512.0,SSD,Remis à neuf,83.3,Haut de gamme,,,,,DDR4,,512.0,,False,512.0,,,,,True,,,,,,,,,Neutre,0.6,"ssd qwerty, qwerty, ram 16go, 16go ddr4, 512gb",Hp | Processeur Ryzen 7 | 512GB SSD | Remis à neuf | 4490 Dhs,False,False,Normal,False,-0.4920947536537386,0.6560969225177219,Cohérent,0,False,OK,95.0,À considérer,5.0
Hp PC Portable ELITEBOOK X360 G2 I5-7éme -16GB- 256GB SSD - TACTILE -REMIS À NEUF/,"3,588.00 Dhs","5,999.00 Dhs",40%,,https://ma.jumia.is/unsafe/fit-in/300x300/filters:fill(white)/product/59/307416/1.jpg?5344,Jumia,2026-01-28 17:12:13,3588.0,5999.0,40.19,,Hp,i5,360.0,,256.0,SSD,Remis à neuf,66.7,Milieu de gamme,,,,,,,256.0,,False,256.0,,,,,True,,,,,,,,,Neutre,0.6,"ssd tactile, g2, elitebook x360, tactile remis, x360",Hp | Processeur i5 | 256GB SSD | Remis à neuf | 3588 Dhs,False,False,Normal,False,-0.3877353547566584,0.9245502712739054,Cohérent,0,False,OK,90.0,À considérer,5.0
"Hp PC Portable Probook 640 Core intel i5-500Go-RAM 8GB 14""- remis a neuf","1,989.00 Dhs","2,799.00 Dhs",29%,3 out of 5,https://ma.jumia.is/unsafe/fit-in/300x300/filters:fill(white)/product/64/504926/1.jpg?2483,Jumia,2026-01-28 17:12:13,1989.0,2799.0,28.94,3.0,Hp,i5,500.0,,500.0,Inconnu,Remis à neuf,83.3,Entrée de gamme,,,,,,,,,False,,14.0,,,,False,,,,,,,,,Négatif,0.2,"14 remis, ram 8gb, 500go, probook 640, 640","Hp | Processeur i5 | Écran 14.0"" | Remis à neuf | 1989 Dhs",False,False,Normal,False,-0.48010422917142576,0.6869412593444832,Cohérent,0,False,OK,95.0,À considérer,5.0
Hp PC Portable ELITEBOOK X360 G3 I7-8éme -16GB- 256GB SSD-TACTILE-AZERTY-REMIS À NEUF,"4,899.00 Dhs","6,999.00 Dhs",30%,5 out of 5,https://ma.jumia.is/unsafe/fit-in/300x300/filters:fill(white)/product/52/991746/1.jpg?3229,Jumia,2026-01-28 17:12:13,4899.0,6999.0,30.0,5.0,Hp,i7,360.0,,256.0,SSD,Remis à neuf,83.3,Haut de gamme,,,,,,,256.0,,False,256.0,,,,,True,,,,,,,,,Neutre,0.6,"i7, ssd tactile, g3, azerty remis, elitebook x360",Hp | Processeur i7 | 256GB SSD | Remis à neuf | 4899 Dhs,False,False,Normal,False,-0.4343757582489836,0.804572840997574,Cohérent,0,False,OK,95.0,À considérer,5.0
"Mini aspirateur de voiture automatique et souffleur d'air sans fil pour voiture, Aspirateur Trois En Un",114.00 Dhs,139.99 Dhs,19%,4 out of 5,https://ma.jumia.is/unsafe/fit-in/300x300/filters:fill(white)/product/16/274846/1.jpg?7043,Jumia,2026-01-28 17:12:13,114.0,139.99,18.57,4.0,Autre,Autre,,,,,Non spécifié,66.7,Entrée de gamme,,,,,,,,,False,,,,,,False,,,,,,,,,Positif,1.0,"sans fil, fil, en, sans, et",Processeur Autre | 114 Dhs,False,False,Normal,False,-0.3817228239481209,0.9400168612227746,Cohérent,0,True,Prix extrême,60.0,Non recommandé - Vérifier,3.0
Hp PC Portable ELITEBOOK X360 G2 I5-7éme -8GB- 256GB SSD - TACTILE -REMIS À NEUF/,"3,399.00 Dhs","5,999.00 Dhs",43%,5 out of 5,https://ma.jumia.is/unsafe/fit-in/300x300/filters:fill(white)/product/37/307416/1.jpg?5225,Jumia,2026-01-28 17:12:13,3399.0,5999.0,43.34,5.0,Hp,i5,360.0,,256.0,SSD,Remis à neuf,83.3,Milieu de gamme,,,,,,,256.0,,False,256.0,,,,,True,,,,,,,,,Négatif,0.4,"8gb 256gb, ssd tactile, g2, tactile remis, elitebook x360",Hp | Processeur i5 | 256GB SSD | Remis à neuf | 3399 Dhs,False,False,Normal,False,-0.4276799599446177,0.8217970632180921,Cohérent,0,False,OK,95.0,À considérer,5.0
"Hp PC Portable Probook 650 Core i3 G3- 7ème Génération- 500Go HDD- 8GB RAM -Ecran 15.6""- GARANTIE 6 MOIS -remis a neuf - AZERTY","1,989.00 Dhs","2,999.00 Dhs",34%,,https://ma.jumia.is/unsafe/fit-in/300x300/filters:fill(white)/product/41/428176/1.jpg?5604,Jumia,2026-01-28 17:12:13,1989.0,2999.0,33.68,,Hp,i3,3.0,8.0,500.0,Inconnu,Remis à neuf,83.3,Entrée de gamme,,,,7.0,,,,500.0,False,500.0,15.6,,,,False,,,,,,,,,Négatif,0.2,"7ème, ram ecran, 500go hdd, probook 650, 650","Hp | Processeur i3 | 8GB RAM | 500GB Inconnu | Écran 15.6"" | Remis à neuf | 1989 Dhs",False,False,Normal,False,-0.4034208343963557,0.8842010590263684,Cohérent,0,False,OK,95.0,À considérer,5.0
DELL Ordinateur Portable Latitude 5480 Core i5-7200U 14'' 8GB 256GB - Remis à neuf,"3,899.00 Dhs","4,500.00 Dhs",13%,,https://ma.jumia.is/unsafe/fit-in/300x300/filters:fill(white)/product/14/748475/1.jpg?6205,Jumia,2026-01-28 17:12:13,3899.0,4500.0,13.36,,Dell,i5,8.0,,8.0,Inconnu,Remis à neuf,66.7,Milieu de gamme,Intel,i5,7200U,,,,,,False,,14.0,,,,False,,,,,,,,,Neutre,0.6,"8gb 256gb, dell, 14, ordinateur portable, 256gb","Dell | Processeur i5 | Écran 14.0"" | Remis à neuf | 3899 Dhs",False,False,Normal,False,-0.38722100406755416,0.9258733831965915,Cohérent,0,False,OK,90.0,À considérer,5.0
Lenovo PC PORTABLE Thinkpad-T470 Core i5 RAM 16GB 512 SSD-6ème Génération-Remis a Neuf,"3,589.00 Dhs","4,999.00 Dhs",28%,2 out of 5,https://ma.jumia.is/unsafe/fit-in/300x300/filters:fill(white)/product/02/966026/1.jpg?7612,Jumia,2026-01-28 17:12:13,3589.0,4999.0,28.21,2.0,Lenovo,i5,16.0,,16.0,Inconnu,Remis à neuf,83.3,Milieu de gamme,,,,6.0,,,,,False,,,,,,False,,,,,,,,,Positif,1.0,"6ème génération, 6ème, 16gb, portable thinkpad, lenovo pc",Lenovo | Processeur i5 | Remis à neuf | 3589 Dhs,False,False,Normal,False,-0.47674950869504584,0.695570917578844,Cohérent,0,False,OK,95.0,À considérer,5.0
Hp PC Portable ELITEBOOK 840 G8 - INTEL CORE I7-11ème GÉNÉRATION - 32GB - 512GB SSD - FHD - À NEUF,"6,289.00 Dhs","7,999.00 Dhs",21%,,https://ma.jumia.is/unsafe/fit-in/300x300/filters:fill(white)/product/79/276276/1.jpg?0162,Jumia,2026-01-28 17:12:13,6289.0,7999.0,21.38,,Hp,i7,840.0,,512.0,SSD,Neuf,66.7,Haut de gamme,,,,,,,512.0,,False,512.0,,,,,False,,,,,,,,,Positif,1.0,"i7, ssd fhd, fhd, elitebook 840, 840",Hp | Processeur i7 | 512GB SSD | Neuf | 6289 Dhs,False,False,Normal,False,-0.5254769588691335,0.5702247837966391,Cohérent,0,False,OK,90.0,À considérer,5.0
"Lenovo Pc Portable IdeaPad Slim 3 15,6'' AMD Ryzen 5-7520U 16Go 512Go","6,500.00 Dhs","6,900.00 Dhs",6%,,https://ma.jumia.is/unsafe/fit-in/300x300/filters:fill(white)/product/42/093576/1.jpg?7735,Jumia,2026-01-28 17:12:13,6500.0,6900.0,5.8,,Lenovo,Ryzen 5,16.0,,16.0,Inconnu,Non spécifié,66.7,Haut de gamme,,,,,,,,,False,,,,,,False,,,,,,,,,Positif,1.0,"16go, 15, lenovo pc, lenovo, pc portable",Lenovo | Processeur Ryzen 5 | 6500 Dhs,False,False,Normal,False,-0.4215991976507285,0.83743917133712,Cohérent,0,False,OK,90.0,À considérer,5.0
Pc Portable EliteBook 830 G6 I7-8665U 8éme Génération RAM 16Go DDR4 256Gb SSD QWERTY - REMIS A NEUF,"3,490.00 Dhs","4,490.00 Dhs",22%,5 out of 5,https://ma.jumia.is/unsafe/fit-in/300x300/filters:fill(white)/product/74/656066/1.jpg?3710,Jumia,2026-01-28 17:12:13,3490.0,4490.0,22.27,5.0,Autre,i7,830.0,,256.0,SSD,Remis à neuf,83.3,Haut de gamme,,,,,DDR4,,256.0,,False,256.0,,,,,False,,,,,,,,,Positif,1.0,"ssd qwerty, i7, génération ram, qwerty, ram 16go",Processeur i7 | 256GB SSD | Remis à neuf | 3490 Dhs,False,False,Normal,False,-0.45658864735524374,0.7474325687351193,Cohérent,0,False,OK,95.0,À considérer,5.0
"Hp ProBook 640 - Intel Core i5 - 8Go RAM - 500Go HDD - 14"" - (Remis à Neuf)","1,989.00 Dhs","4,199.00 Dhs",53%,3 out of 5,https://ma.jumia.is/unsafe/fit-in/300x300/filters:fill(white)/product/78/873046/1.jpg?7903,Jumia,2026-01-28 17:12:13,1989.0,4199.0,52.63,3.0,Hp,i5,8.0,,8.0,Inconnu,Remis à neuf,83.3,Entrée de gamme,,,,,,,,500.0,False,500.0,14.0,,,,False,,,,,,,,,Négatif,0.4,"8go, 14 remis, 500go hdd, 500go, probook 640","Hp | Processeur i5 | 500GB Inconnu | Écran 14.0"" | Remis à neuf | 1989 Dhs",False,False,Normal,False,-0.46467557615162247,0.7266298126874182,Cohérent,0,False,OK,95.0,À considérer,5.0
"Hp Ordinateur Probook 640 G1 14"" Core i5-4Th 8GB 500Go HDD [REMIS A NEUF]","3,900.00 Dhs",,,,https://ma.jumia.is/unsafe/fit-in/300x300/filters:fill(white)/product/89/408794/1.jpg?4666,Jumia,2026-01-28 17:12:13,3900.0,,0.0,,Hp,i5,640.0,,8.0,Inconnu,Remis à neuf,66.7,Milieu de gamme,,,,,,,,500.0,False,500.0,14.0,,,,False,,,,,,,,,Positif,1.0,"500go hdd, 500go, probook 640, 640, hdd","Hp | Processeur i5 | 500GB Inconnu | Écran 14.0"" | Remis à neuf | 3900 Dhs",False,False,Normal,False,-0.4912464071363975,0.6582792028479341,Cohérent,0,False,OK,90.0,À considérer,5.0
Hp PC Portable ELITEBOOK X360 G7-1040 -10810U -INTEL CORE I5-10éme -8GB- 256GB SSD- FHD Rotation Tactile- À NEUF/,"3,789.00 Dhs","8,599.00 Dhs",56%,,https://ma.jumia.is/unsafe/fit-in/300x300/filters:fill(white)/product/05/703956/1.jpg?6985,Jumia,2026-01-28 17:12:13,3789.0,8599.0,55.94,,Hp,i5,360.0,,256.0,SSD,Neuf,66.7,Milieu de gamme,,,,,,,256.0,,False,256.0,,,,,True,,,,,,,,,Positif,1.0,"8gb 256gb, i5 10éme, ssd fhd, g7, fhd",Hp | Processeur i5 | 256GB SSD | Neuf | 3789 Dhs,False,False,Normal,False,-0.4359379743229136,0.8005542078801023,Cohérent,0,False,OK,90.0,À considérer,5.0
"Hp PC Portable Probook 640 Core i5 8eme 500Gb 4GB RAM 14""- remis a neuf","1,989.00 Dhs","2,499.00 Dhs",20%,,https://ma.jumia.is/unsafe/fit-in/300x300/filters:fill(white)/product/77/004806/1.jpg?9008,Jumia,2026-01-28 17:12:14,1989.0,2499.0,20.41,,Hp,i5,500.0,4.0,500.0,Inconnu,Remis à neuf,83.3,Entrée de gamme,,,,,,,,,False,,14.0,,,,False,,,,,,,,,Négatif,0.2,"14 remis, 500gb, probook 640, 640, portable probook","Hp | Processeur i5 | 4GB RAM | Écran 14.0"" | Remis à neuf | 1989 Dhs",False,False,Normal,True,-0.5487409917407658,0.5103805570574376,Cohérent,0,True,Anomalie ML,45.0,Non recommandé - Vérifier,3.0
Pc Portable HP EliteBook 840 G8 I5-1145g7 11éme Génération RAM 16Go DDR4 256Gb SSD QWERTY - REMIS A NEUF,"3,590.00 Dhs","3,990.00 Dhs",10%,,https://ma.jumia.is/unsafe/fit-in/300x300/filters:fill(white)/product/76/636566/1.jpg?9815,Jumia,2026-01-28 17:12:14,3590.0,3990.0,10.03,,Hp,i5,840.0,,256.0,SSD,Remis à neuf,66.7,Milieu de gamme,,,,,DDR4,,256.0,,False,256.0,,,,,False,,,,,,,,,Positif,1.0,"ssd qwerty, qwerty, elitebook 840, génération ram, 840",Hp | Processeur i5 | 256GB SSD | Remis à neuf | 3590 Dhs,False,False,Normal,False,-0.43722132528037017,0.7972529253334442,Cohérent,0,False,OK,90.0,À considérer,5.0
DELL PC Portable ELITEBOOK 840 G7 -10810U -INTEL CORE I5-10éme -16GB- 256GB SSD- FHD - À NEUF/,"3,789.00 Dhs","5,699.00 Dhs",34%,,https://ma.jumia.is/unsafe/fit-in/300x300/filters:fill(white)/product/60/663566/1.jpg?7883,Jumia,2026-01-28 17:12:14,3789.0,5699.0,33.51,,Dell,i5,840.0,,256.0,SSD,Neuf,66.7,Milieu de gamme,,,,,,,256.0,,False,256.0,,,,,False,,,,,,,,,Positif,1.0,"dell pc, i5 10éme, ssd fhd, g7, fhd",Dell | Processeur i5 | 256GB SSD | Neuf | 3789 Dhs,False,False,Normal,False,-0.4241841476750659,0.8307896649415809,Cohérent,0,False,OK,90.0,À considérer,5.0
"Hp PC Portable Probook 640 Core i3 4eme 500Gb 8GB RAM 14""- remis a neuf","1,999.00 Dhs","3,299.00 Dhs",39%,3.6 out of 5,https://ma.jumia.is/unsafe/fit-in/300x300/filters:fill(white)/product/54/365536/1.jpg?4563,Jumia,2026-01-28 17:12:14,1999.0,3299.0,39.41,3.6,Hp,i3,500.0,8.0,500.0,Inconnu,Remis à neuf,100.0,Entrée de gamme,,,,,,,,,False,,14.0,,,,False,,,,,,,,,Négatif,0.2,"14 remis, 500gb, core i3, probook 640, i3","Hp | Processeur i3 | 8GB RAM | Écran 14.0"" | Remis à neuf | 1999 Dhs",False,False,Normal,False,-0.4708527808821313,0.7107396167550609,Cohérent,0,False,OK,100.0,À considérer,5.0
Lenovo PC PORTABLE - Thinkpad-L440- Core intel celeron- RAM 4GB - 250 HDD -Garantie six mois-Remis a Neuf,"1,689.00 Dhs","2,599.00 Dhs",35%,,https://ma.jumia.is/unsafe/fit-in/300x300/filters:fill(white)/product/95/286176/1.jpg?5471,Jumia,2026-01-28 17:12:14,1689.0,2599.0,35.01,,Lenovo,Celeron,4.0,,4.0,Inconnu,Remis à neuf,66.7,Entrée de gamme,,,,,,,,,False,,,,,,False,,,,,,,,,Négatif,0.2,"mois remis, garantie mois, garantie, mois, hdd",Lenovo | Processeur Celeron | Remis à neuf | 1689 Dhs,False,False,Normal,False,-0.38665321198706953,0.9273339673606845,Cohérent,0,False,OK,90.0,À considérer,5.0
"DELL PC portable Latitude 5491 i5 8ème, 16Go DDR4, 512Go SSD, 14"" QWERTY - Remis à neuf","2,899.00 Dhs","4,100.00 Dhs",29%,4.5 out of 5,https://ma.jumia.is/unsafe/fit-in/300x300/filters:fill(white)/product/16/392246/1.jpg?9104,Jumia,2026-01-28 17:12:14,2899.0,4100.0,29.29,4.5,Dell,i5,16.0,,16.0,Inconnu,Remis à neuf,83.3,Milieu de gamme,,,,,DDR4,,512.0,,False,512.0,14.0,,,,False,,,,,,,,,Positif,1.0,"dell pc, qwerty, dell, 16go ddr4, ddr4","Dell | Processeur i5 | 512GB Inconnu | Écran 14.0"" | Remis à neuf | 2899 Dhs",False,False,Normal,False,-0.38035210929043234,0.9435428775081748,Cohérent,0,False,OK,95.0,À considérer,5.0
Acer PC PORTABLE TRAVELMATE P215-52 SERIES I5-10EME-8GB RAM-256SSD (REMIS A NEUF),"2,850.00 Dhs","4,000.00 Dhs",29%,,https://ma.jumia.is/unsafe/fit-in/300x300/filters:fill(white)/product/42/631466/1.jpg?9112,Jumia,2026-01-28 17:12:14,2850.0,4000.0,28.75,,Acer,i5,8.0,8.0,8.0,Inconnu,Remis à neuf,83.3,Milieu de gamme,,,,,,,,,False,,,,,,False,,,,,,,,,Positif,0.8,"8gb ram, 8gb, ram, i5, remis",Acer | Processeur i5 | 8GB RAM | Remis à neuf | 2850 Dhs,False,False,Normal,False,-0.36708050368837447,0.9776826579677903,Cohérent,0,False,OK,95.0,À considérer,5.0
Hp PC Portable ELITEBOOK 840 G7 -10810U- 10EME GENERATION -INTEL CORE I5-10éme -16GB- 512GB SSD- FHD - Remis à neuf,"3,899.00 Dhs","5,699.00 Dhs",32%,2.5 out of 5,https://ma.jumia.is/unsafe/fit-in/300x300/filters:fill(white)/product/39/151166/1.jpg?2885,Jumia,2026-01-28 17:12:14,3899.0,5699.0,31.58,2.5,Hp,i5,840.0,,512.0,SSD,Remis à neuf,83.3,Milieu de gamme,,,,,,,512.0,,False,512.0,,,,,False,,,,,,,,,Positif,1.0,"i5 10éme, ssd fhd, g7, elitebook 840, fhd",Hp | Processeur i5 | 512GB SSD | Remis à neuf | 3899 Dhs,False,False,Normal,True,-0.5479543246906711,0.5124041735805872,Cohérent,0,True,Anomalie ML,45.0,Non recommandé - Vérifier,3.0
"Hp PC Portable Probook 650 Core i3 G3- 7ème Génération- 320Go HDD- 4GB RAM -Ecran 15.6""- GARANTIE 6 MOIS -remis a neuf - AZERTY","1,989.00 Dhs","3,299.00 Dhs",40%,,https://ma.jumia.is/unsafe/fit-in/300x300/filters:fill(white)/product/91/428176/1.jpg?6159,Jumia,2026-01-28 17:12:14,1989.0,3299.0,39.71,,Hp,i3,3.0,4.0,320.0,Inconnu,Remis à neuf,83.3,Entrée de gamme,,,,7.0,,,,320.0,False,320.0,15.6,,,,False,,,,,,,,,Négatif,0.2,"7ème, ram ecran, 15 garantie, probook 650, 650","Hp | Processeur i3 | 4GB RAM | 320GB Inconnu | Écran 15.6"" | Remis à neuf | 1989 Dhs",False,False,Normal,False,-0.49886057891476066,0.6386925634698915,Cohérent,0,False,OK,95.0,À considérer,5.0
"Lenovo PC PORTABLE Thinkpad V15 G2 IJL -ECRAN 15.6"" - Core INTEL-11ème Génération-RAM 8GB -256 SSD-AZERTY-GARANTIE 6 MOIS-Remis a Neuf/","2,389.00 Dhs","4,599.00 Dhs",48%,,https://ma.jumia.is/unsafe/fit-in/300x300/filters:fill(white)/product/99/639176/1.jpg?4632,Jumia,2026-01-28 17:12:14,2389.0,4599.0,48.05,,Lenovo,Autre,15.0,,8.0,Inconnu,Remis à neuf,66.7,Entrée de gamme,,,,11.0,,,,,False,,15.6,,,,False,,,,,,,,,Négatif,0.2,"256, ram 8gb, génération ram, ecran 15, g2","Lenovo | Processeur Autre | Écran 15.6"" | Remis à neuf | 2389 Dhs",False,False,Normal,False,-0.4033067520542199,0.8844945236026688,Cohérent,0,False,OK,90.0,À considérer,5.0
"Lenovo PC Portable ThinkPad L450 - 14"" - Intel Core i5 - 8GB RAM + 500GB HDD - Windows - AZERTY - Remis à neuf","1,699.00 Dhs","2,699.00 Dhs",37%,,https://ma.jumia.is/unsafe/fit-in/300x300/filters:fill(white)/product/47/722946/1.jpg?5683,Jumia,2026-01-28 17:12:14,1699.0,2699.0,37.05,,Lenovo,i5,8.0,8.0,500.0,HDD,Remis à neuf,83.3,Entrée de gamme,,,,,,,,500.0,False,500.0,14.0,,,,False,,,,,,,,,Négatif,0.2,"500gb, azerty remis, windows, 8gb ram, hdd","Lenovo | Processeur i5 | 8GB RAM | 500GB HDD | Écran 14.0"" | Remis à neuf | 1699 Dhs",False,False,Normal,False,-0.407318693673793,0.874174234542257,Cohérent,0,False,OK,95.0,À considérer,5.0
Lenovo PC PORTABLE Thinkpad-L390 Core i5 RAM 16GB 512 SSD-8ème Génération-Remis a Neuf,"3,189.00 Dhs","4,699.00 Dhs",32%,,https://ma.jumia.is/unsafe/fit-in/300x300/filters:fill(white)/product/43/392566/1.jpg?4946,Jumia,2026-01-28 17:12:14,3189.0,4699.0,32.13,,Lenovo,i5,16.0,,16.0,Inconnu,Remis à neuf,66.7,Milieu de gamme,,,,8.0,,,,,False,,,,,,False,,,,,,,,,Positif,1.0,"16gb, portable thinkpad, lenovo pc, thinkpad, lenovo",Lenovo | Processeur i5 | Remis à neuf | 3189 Dhs,False,False,Normal,False,-0.3812135368178977,0.9413269476839057,Cohérent,0,False,OK,90.0,À considérer,5.0
"Hp ProBook 640 - Intel Core i5 - 8Go RAM - 500Go HDD - 14"" - AZERTY - (Remis à Neuf)","1,989.00 Dhs","2,799.00 Dhs",29%,3.8 out of 5,https://ma.jumia.is/unsafe/fit-in/300x300/filters:fill(white)/product/57/530606/1.jpg?6906,Jumia,2026-01-28 17:12:15,1989.0,2799.0,28.94,3.8,Hp,i5,8.0,,8.0,Inconnu,Remis à neuf,83.3,Entrée de gamme,,,,,,,,500.0,False,500.0,14.0,,,,False,,,,,,,,,Négatif,0.4,"8go, 500go hdd, 500go, azerty remis, probook 640","Hp | Processeur i5 | 500GB Inconnu | Écran 14.0"" | Remis à neuf | 1989 Dhs",False,False,Normal,False,-0.3866101947194482,0.9274446246629432,Cohérent,0,False,OK,95.0,À considérer,5.0
Lenovo PC PORTABLE Thinkpad T470 Core i5 -RAM 8GB -256 SSD -6ème Gén -Remis a Neuf/,"3,889.00 Dhs","3,999.00 Dhs",3%,,https://ma.jumia.is/unsafe/fit-in/300x300/filters:fill(white)/product/71/938926/1.jpg?0367,Jumia,2026-01-28 17:12:23,3889.0,3999.0,2.75,,Lenovo,i5,8.0,,8.0,Inconnu,Remis à neuf,66.7,Milieu de gamme,,,,,,,,,False,,,,,,False,,,,,,,,,Neutre,0.6,"256, ram 8gb, 6ème, portable thinkpad, thinkpad",Lenovo | Processeur i5 | Remis à neuf | 3889 Dhs,False,False,Normal,False,-0.4048019858944565,0.880648195089595,Cohérent,0,False,OK,90.0,À considérer,5.0
Hp PC Portable ELITEBOOK X360 G3 I5-8éme -8GB- 512GB SSD - TACTILE -REMIS À NEUF/,"3,689.00 Dhs","6,299.00 Dhs",41%,,https://ma.jumia.is/unsafe/fit-in/300x300/filters:fill(white)/product/60/849656/1.jpg?4807,Jumia,2026-01-28 17:12:23,3689.0,6299.0,41.44,,Hp,i5,360.0,,512.0,SSD,Remis à neuf,66.7,Milieu de gamme,,,,,,,512.0,,False,512.0,,,,,True,,,,,,,,,Négatif,0.4,"ssd tactile, g3, elitebook x360, tactile remis, 512gb ssd",Hp | Processeur i5 | 512GB SSD | Remis à neuf | 3689 Dhs,False,False,Normal,False,-0.4248697063006917,0.8290261389845233,Cohérent,0,False,OK,90.0,À considérer,5.0
"Hp 250 G9 Pc portable Intel® Core™ i3-1215U - 4Go - 256Go SSD - FreeDOS - 15.6"" - AZERTY","3,999.00 Dhs","5,090.00 Dhs",21%,,https://ma.jumia.is/unsafe/fit-in/300x300/filters:fill(white)/product/00/894856/1.jpg?6265,Jumia,2026-01-28 17:12:23,3999.0,5090.0,21.43,,Hp,i3,250.0,,4.0,Inconnu,Non spécifié,66.7,Entrée de gamme,,,,,,,256.0,,False,256.0,15.6,,,,False,,,,,,,,,Positif,1.0,"256go ssd, 256go, core i3, i3, 15","Hp | Processeur i3 | 256GB Inconnu | Écran 15.6"" | 3999 Dhs",False,False,Normal,False,-0.4182984777681635,0.8459299188418518,Cohérent,0,False,OK,90.0,À considérer,5.0
"Hp PC Portable Probook 640 Core i3 -500Gb-RAM 8GB-14""-Garantie 6 mois- remis a neuf - AZERTY","1,989.00 Dhs","2,799.00 Dhs",29%,,https://ma.jumia.is/unsafe/fit-in/300x300/filters:fill(white)/product/46/359566/1.jpg?4472,Jumia,2026-01-28 17:12:23,1989.0,2799.0,28.94,,Hp,i3,500.0,,500.0,Inconnu,Remis à neuf,66.7,Entrée de gamme,,,,,,,,,False,,14.0,,,,False,,,,,,,,,Négatif,0.2,"ram 8gb, 500gb, neuf azerty, core i3, i3","Hp | Processeur i3 | Écran 14.0"" | Remis à neuf | 1989 Dhs",False,False,Normal,False,-0.43311097099286766,0.8078263704156892,Cohérent,0,False,OK,90.0,À considérer,5.0
Lenovo PC PORTABLE - Thinkpad-L440- Core intel celeron- RAM 8GB - 250 HDD -Garantie six mois-Remis a Neuf,"1,789.00 Dhs","1,999.00 Dhs",11%,5 out of 5,https://ma.jumia.is/unsafe/fit-in/300x300/filters:fill(white)/product/14/982566/1.jpg?6751,Jumia,2026-01-28 17:12:23,1789.0,1999.0,10.51,5.0,Lenovo,Celeron,8.0,,8.0,Inconnu,Remis à neuf,83.3,Entrée de gamme,,,,,,,,,False,,,,,,False,,,,,,,,,Négatif,0.2,"ram 8gb, mois remis, garantie mois, mois, garantie",Lenovo | Processeur Celeron | Remis à neuf | 1789 Dhs,False,False,Normal,False,-0.4123814846019714,0.8611507484635157,Cohérent,0,False,OK,95.0,À considérer,5.0
Hp PC Portable ELITEBOOK 840 G7 -10810U -INTEL CORE I5-10éme -8GB- 256GB SSD- FHD - À NEUF/,"3,789.00 Dhs","5,999.00 Dhs",37%,,https://ma.jumia.is/unsafe/fit-in/300x300/filters:fill(white)/product/80/834856/1.jpg?9309,Jumia,2026-01-28 17:12:23,3789.0,5999.0,36.84,,Hp,i5,840.0,,256.0,SSD,Neuf,66.7,Milieu de gamme,,,,,,,256.0,,False,256.0,,,,,False,,,,,,,,,Positif,1.0,"8gb 256gb, i5 10éme, ssd fhd, g7, elitebook 840",Hp | Processeur i5 | 256GB SSD | Neuf | 3789 Dhs,False,False,Normal,False,-0.4359215237471788,0.8005965252199073,Cohérent,0,False,OK,90.0,À considérer,5.0
Lenovo PC PORTABLE Thinkpad-L460 Core i5 RAM 16GB 512 SSD-6ème Génération-Remis a Neuf,"2,699.00 Dhs","4,299.00 Dhs",37%,,https://ma.jumia.is/unsafe/fit-in/300x300/filters:fill(white)/product/68/152956/1.jpg?4665,Jumia,2026-01-28 17:12:23,2699.0,4299.0,37.22,,Lenovo,i5,16.0,,16.0,Inconnu,Remis à neuf,66.7,Milieu de gamme,,,,6.0,,,,,False,,,,,,False,,,,,,,,,Positif,1.0,"6ème génération, 6ème, 16gb, portable thinkpad, lenovo pc",Lenovo | Processeur i5 | Remis à neuf | 2699 Dhs,False,False,Normal,False,-0.3847227290925041,0.9322999273340044,Cohérent,0,False,OK,90.0,À considérer,5.0
Hp PC Portable ELITEBOOK X360 G2 I7-7éme -16GB- 512GB SSD - TACTILE -REMIS À NEUF,"4,999.00 Dhs","8,899.00 Dhs",44%,,https://ma.jumia.is/unsafe/fit-in/300x300/filters:fill(white)/product/44/395174/1.jpg?9621,Jumia,2026-01-28 17:12:23,4999.0,8899.0,43.83,,Hp,i7,360.0,,512.0,SSD,Remis à neuf,66.7,Haut de gamme,,,,,,,512.0,,False,512.0,,,,,True,,,,,,,,,Neutre,0.6,"i7, ssd tactile, g2, tactile remis, 512gb ssd",Hp | Processeur i7 | 512GB SSD | Remis à neuf | 4999 Dhs,False,False,Normal,False,-0.4612190069738242,0.7355214657708409,Cohérent,0,False,OK,90.0,À considérer,5.0
"Lenovo PC Portable ThinkPad L460 - 14"" - Intel Core i5 6ème Génération - 16GB RAM + 512GB SSD - Windows - Remis à neuf","3,499.00 Dhs","4,999.00 Dhs",30%,5 out of 5,https://ma.jumia.is/unsafe/fit-in/300x300/filters:fill(white)/product/56/332656/1.jpg?1969,Jumia,2026-01-28 17:12:23,3499.0,4999.0,30.01,5.0,Lenovo,i5,6.0,16.0,512.0,SSD,Remis à neuf,100.0,Haut de gamme,,,,6.0,,,512.0,,False,512.0,14.0,,,,False,,,,,,,,,Neutre,0.6,"6ème génération, 6ème, windows, 512gb, 512gb ssd","Lenovo | Processeur i5 | 16GB RAM | 512GB SSD | Écran 14.0"" | Remis à neuf | 3499 Dhs",False,False,Normal,True,-0.5558201066163863,0.49217029411347213,Cohérent,0,True,Anomalie ML,50.0,Non recommandé - Vérifier,3.0
"Lenovo PC Portable ThinkPad T540P - 15.6"" - Intel Core i5 - 8GB RAM + 500GB HDD - Windows - Full HD - Azerty - Remis à neuf","2,999.00 Dhs","3,199.00 Dhs",6%,3.3 out of 5,https://ma.jumia.is/unsafe/fit-in/300x300/filters:fill(white)/product/99/859795/1.jpg?2047,Jumia,2026-01-28 17:12:24,2999.0,3199.0,6.25,3.3,Lenovo,i5,8.0,8.0,500.0,HDD,Remis à neuf,100.0,Milieu de gamme,,,,,,,,500.0,False,500.0,15.6,,,,False,,,,,,,,,Neutre,0.6,"500gb, azerty remis, windows, 8gb ram, hdd","Lenovo | Processeur i5 | 8GB RAM | 500GB HDD | Écran 15.6"" | Remis à neuf | 2999 Dhs",False,False,Normal,False,-0.46895443463961195,0.7156229086414546,Cohérent,0,False,OK,100.0,À considérer,5.0
"Lenovo PC Portable ThinkPad T540P - 15.6"" - Intel Core i5 - 8GB RAM + 256GB SSD - Windows - Full HD - Azerty - Remis à neuf","2,999.00 Dhs","3,599.00 Dhs",17%,3.5 out of 5,https://ma.jumia.is/unsafe/fit-in/300x300/filters:fill(white)/product/61/959795/1.jpg?2169,Jumia,2026-01-28 17:12:24,2999.0,3599.0,16.67,3.5,Lenovo,i5,8.0,8.0,256.0,SSD,Remis à neuf,100.0,Milieu de gamme,,,,,,,256.0,,False,256.0,15.6,,,,False,,,,,,,,,Neutre,0.6,"azerty remis, windows, 8gb ram, 15, portable thinkpad","Lenovo | Processeur i5 | 8GB RAM | 256GB SSD | Écran 15.6"" | Remis à neuf | 2999 Dhs",False,False,Normal,False,-0.39469061676010647,0.9066586065457127,Cohérent,0,False,OK,100.0,À considérer,5.0
"Lenovo PC Portable ThinkPad T460 - 14"" - Intel Core i5 6ème Génération - 16GB RAM + 512GB SSD - Windows - Remis à neuf","3,599.00 Dhs","4,999.00 Dhs",28%,3.6 out of 5,https://ma.jumia.is/unsafe/fit-in/300x300/filters:fill(white)/product/77/759795/1.jpg?3821,Jumia,2026-01-28 17:12:24,3599.0,4999.0,28.01,3.6,Lenovo,i5,6.0,16.0,512.0,SSD,Remis à neuf,100.0,Haut de gamme,,,,6.0,,,512.0,,False,512.0,14.0,,,,False,,,,,,,,,Neutre,0.6,"6ème génération, 6ème, windows, 512gb, 512gb ssd","Lenovo | Processeur i5 | 16GB RAM | 512GB SSD | Écran 14.0"" | Remis à neuf | 3599 Dhs",False,False,Normal,True,-0.5565799030606505,0.4902157993387663,Cohérent,0,True,Anomalie ML,50.0,Non recommandé - Vérifier,3.0
"Table de lit pour Ordinateur Portable, Table de lit et canapé, Plateau de Petit-déjeuner, Pliant",129.00 Dhs,250.00 Dhs,48%,4.5 out of 5,https://ma.jumia.is/unsafe/fit-in/300x300/filters:fill(white)/product/66/914006/1.jpg?2694,Jumia,2026-01-28 17:12:24,129.0,250.0,48.4,4.5,Autre,Autre,,,,,Non spécifié,66.7,Entrée de gamme,,,,,,,,,False,,,,,,False,,,,,,,,,Positif,0.8,"table, et, pour ordinateur, ordinateur portable, pour",Processeur Autre | 129 Dhs,False,False,Normal,False,-0.3906655862615409,0.9170125653420003,Cohérent,0,True,Prix extrême,60.0,Non recommandé - Vérifier,3.0
Handboss Bouteille 650ml Nettoyage Mousse universelle Agent spray PC Surface Cleaner,48.00 Dhs,75.00 Dhs,36%,4.3 out of 5,https://ma.jumia.is/unsafe/fit-in/300x300/filters:fill(white)/product/64/383315/1.jpg?8558,Jumia,2026-01-28 17:12:25,48.0,75.0,36.0,4.3,Autre,Autre,,,,,Non spécifié,66.7,Entrée de gamme,,,,,,,,,False,,,,,,False,,,,,,,,,Positif,1.0,pc,Processeur Autre | 48 Dhs,False,False,Normal,False,-0.3672166795469523,0.9773323601925893,Cohérent,0,True,Prix extrême,60.0,Non recommandé - Vérifier,3.0
Table Pliante Polyvalente pour Ordinateur Portable – Bureau de Lit en Bois MDF avec Fente pour Tablette et Porte-Gobelet,109.99 Dhs,150.00 Dhs,27%,,https://ma.jumia.is/unsafe/fit-in/300x300/filters:fill(white)/product/28/746276/1.jpg?0163,Jumia,2026-01-28 17:12:25,109.99,150.0,26.67,,Autre,Autre,,,,,Non spécifié,50.0,Entrée de gamme,,,,,,,,,False,,,,,VA,False,,,,,,,,,Positif,1.0,"pour, table, avec, en, et",Processeur Autre | 109 Dhs,False,False,Normal,False,-0.35840478997404407,1.0,Cohérent,0,True,Prix extrême,55.0,Non recommandé - Vérifier,3.0
V8S Audio USB carte son externe mélangeur de son en direct divertissement personnel Streamer diffusion en direct pour PC téléphone ordinateur,170.00 Dhs,300.00 Dhs,43%,5 out of 5,https://ma.jumia.is/unsafe/fit-in/300x300/filters:fill(white)/product/71/983566/1.jpg?8732,Jumia,2026-01-28 17:12:25,170.0,300.0,43.33,5.0,Autre,Autre,,,,,Non spécifié,66.7,Entrée de gamme,,,,,,,,,False,,,,,,False,,,,,,,,,Positif,0.8,"en, pour, ordinateur, pc",Processeur Autre | 170 Dhs,False,False,Normal,False,-0.39483186408625537,0.9062952629647008,Cohérent,0,True,Prix extrême,60.0,Non recommandé - Vérifier,3.0
Hp PC GAMER i5 6éme Gén - 16GB RAM - 256GB SSD / 500GB HDD - RADEON R5 430 2GB - remis à neuf,"1,649.00 Dhs","1,950.00 Dhs",15%,5 out of 5,https://ma.jumia.is/unsafe/fit-in/300x300/filters:fill(white)/product/73/773376/1.jpg?4824,Jumia,2026-01-28 17:12:25,1649.0,1950.0,15.44,5.0,Hp,i5,16.0,16.0,256.0,SSD,Remis à neuf,100.0,Haut de gamme,,,,,,,256.0,500.0,False,756.0,,,,,False,AMD,,R5,,,,,,Négatif,0.2,"500gb, hdd, 16gb, 256gb ssd, 256gb",Hp | Processeur i5 | 16GB RAM | 756GB SSD | Remis à neuf | 1649 Dhs,False,False,Normal,True,-0.5414485643343833,0.5291395435837537,Cohérent,0,True,Anomalie ML,50.0,Non recommandé - Vérifier,3.0
"Caméra HD 1080p avec microphone intégré, pour ordinateur, appareil réseau, fonctionne avec trépied.",149.00 Dhs,400.00 Dhs,63%,4.7 out of 5,https://ma.jumia.is/unsafe/fit-in/300x300/filters:fill(white)/product/00/741066/1.jpg?5183,Jumia,2026-01-28 17:12:33,149.0,400.0,62.75,4.7,Autre,Autre,,,,,Non spécifié,66.7,Entrée de gamme,,,,,,,,,False,,,,,,False,,,,,,,,,Positif,1.0,"avec, pour ordinateur, pour, ordinateur",Processeur Autre | 149 Dhs,False,False,Normal,False,-0.46667642051867453,0.7214828553807285,Cohérent,0,True,Prix extrême,60.0,Non recommandé - Vérifier,3.0
GAMER STORE coussin de refroidissement pour ordinateur portable gaming RGB S500,349.00 Dhs,549.00 Dhs,36%,4.3 out of 5,https://ma.jumia.is/unsafe/fit-in/300x300/filters:fill(white)/product/04/249656/1.jpg?3066,Jumia,2026-01-28 17:12:33,349.0,549.0,36.43,4.3,Autre,Autre,,,,,Non spécifié,66.7,Entrée de gamme,,,,,,,,,False,,,,,,False,,,,,,,,,Positif,0.8,"pour ordinateur, pour, ordinateur portable, ordinateur, portable",Processeur Autre | 349 Dhs,False,False,Normal,False,-0.36275893576633533,0.9887994274472011,Cohérent,0,True,Prix extrême,60.0,Non recommandé - Vérifier,3.0
Led pocket video light rotatif mini selfie ring light ay 83 pour smartphone ordinateur etc,139.00 Dhs,189.00 Dhs,26%,,https://ma.jumia.is/unsafe/fit-in/300x300/filters:fill(white)/product/27/206956/1.jpg?9587,Jumia,2026-01-28 17:12:34,139.0,189.0,26.46,,Autre,Autre,,,,,Non spécifié,50.0,Entrée de gamme,,,,,,,,,False,,,,,LED,False,,,,,,,,,Positif,1.0,"pour, ordinateur",Processeur Autre | 139 Dhs,False,False,Normal,False,-0.35885703274228653,0.9988366540352999,Cohérent,0,True,Prix extrême,55.0,Non recommandé - Vérifier,3.0
"DELL Pc OPTIPLEX 3040 CORE i5-6500 3,2Ghz 6éme Génération 8Go 256Go SSD - HDMI -Remis à neuf","1,990.00 Dhs",,,4 out of 5,https://ma.jumia.is/unsafe/fit-in/300x300/filters:fill(white)/product/56/539656/1.jpg?0867,Jumia,2026-01-28 17:12:34,1990.0,,0.0,4.0,Dell,i5,2.0,,8.0,Inconnu,Remis à neuf,83.3,Entrée de gamme,Intel,i5,6500,,,,256.0,,False,256.0,,,,,False,,,,,,,,,Positif,1.0,"8go, dell pc, 256go ssd, 256go, dell",Dell | Processeur i5 | 256GB Inconnu | Remis à neuf | 1990 Dhs,False,False,Normal,False,-0.453291802875964,0.7559133471809958,Cohérent,0,False,OK,95.0,À considérer,5.0
Samsung RAM 16GB DDR4 PC4-21300 DDR4-2666 MHz Pour Ordinateur Portable Mémoire Vive RAM,520.00 Dhs,850.00 Dhs,39%,,https://ma.jumia.is/unsafe/fit-in/300x300/filters:fill(white)/product/05/065936/1.jpg?7846,Jumia,2026-01-28 17:12:36,520.0,850.0,38.82,,Samsung,Autre,16.0,16.0,16.0,Inconnu,Non spécifié,83.3,Haut de gamme,,,,,DDR4,2666.0,,,False,,,,,,False,,,,,,,,,Positif,1.0,"ddr4, ram, pour ordinateur, 16gb, ordinateur portable",Samsung | Processeur Autre | 16GB RAM DDR4 | 520 Dhs,False,False,Normal,True,-0.5497294470492329,0.5078378619053172,Cohérent,0,True,Anomalie ML,45.0,Non recommandé - Vérifier,3.0
Table de Bureau Portable pour Ordinateur avec Porte-Boisson pour lit et Voyage,199.00 Dhs,230.00 Dhs,13%,,https://ma.jumia.is/unsafe/fit-in/300x300/filters:fill(white)/product/71/215456/1.jpg?4383,Jumia,2026-01-28 17:12:36,199.0,230.0,13.48,,Autre,Autre,,,,,Non spécifié,50.0,Entrée de gamme,,,,,,,,,False,,,,,,False,,,,,,,,,Positif,0.8,"pour, table, avec, et, pour ordinateur",Processeur Autre | 199 Dhs,False,False,Normal,False,-0.3710048446590641,0.9675877121710855,Cohérent,0,True,Prix extrême,55.0,Non recommandé - Vérifier,3.0
Base de bureau pour ordinateur portable avec table pliable,849.00 Dhs,"1,000.00 Dhs",15%,5 out of 5,https://ma.jumia.is/unsafe/fit-in/300x300/filters:fill(white)/product/93/991656/1.jpg?3604,Jumia,2026-01-28 17:12:36,849.0,1000.0,15.1,5.0,Autre,Autre,,,,,Non spécifié,66.7,Entrée de gamme,,,,,,,,,False,,,,,,False,,,,,,,,,Positif,0.8,"table, avec, pour ordinateur, ordinateur portable, pour",Processeur Autre | 849 Dhs,False,False,Normal,False,-0.38870887666160286,0.9220459906989705,Cohérent,0,False,OK,90.0,À considérer,5.0
Lenovo Ordinateur tout en un ThinkCentre Core i5 8eme Ram 8 Disque dur 256 go ssd Remis a Neuf,"2,989.00 Dhs","3,500.00 Dhs",15%,1 out of 5,https://ma.jumia.is/unsafe/fit-in/300x300/filters:fill(white)/product/05/114276/1.jpg?8942,Jumia,2026-01-28 17:12:36,2989.0,3500.0,14.6,1.0,Lenovo,i5,256.0,,262144.0,Inconnu,Remis à neuf,83.3,Milieu de gamme,,,,,,,256.0,,False,256.0,,,,,False,,,,,,,,,Positif,1.0,"256, en, lenovo, ordinateur, core i5",Lenovo | Processeur i5 | 256GB Inconnu | Remis à neuf | 2989 Dhs,False,False,Normal,True,-0.7471479342879643,0.0,Cohérent,0,True,Anomalie ML,45.0,Non recommandé - Vérifier,3.0
"Remax Écouteurs sans fil 5.0 étanches IPX5 avec microphone ultra léger mains libres stéréo pour téléphones portables, ordinateurs, tablettes et sports (6 heures de lecture)",130.00 Dhs,199.00 Dhs,35%,5 out of 5,https://ma.jumia.is/unsafe/fit-in/300x300/filters:fill(white)/product/09/102466/1.jpg?9952,Jumia,2026-01-28 17:12:45,130.0,199.0,34.67,5.0,Autre,Autre,,,,,Non spécifié,66.7,Entrée de gamme,,,,,,,,,False,,,,,,False,,,,,,,,6.0,Positif,1.0,"sans fil, fil, avec, sans, et",Processeur Autre | 130 Dhs,False,False,Normal,False,-0.37474329306433285,0.9579709550399299,Cohérent,0,True,Prix extrême,60.0,Non recommandé - Vérifier,3.0
Manette de jeu sans fil Bluetooth 4.0 GSH V8 pour PC Windows 7/8/10/Switch Tv Box/Ordinateur portable/Smartphones -couleur aléatoire,175.00 Dhs,299.00 Dhs,41%,5 out of 5,https://ma.jumia.is/unsafe/fit-in/300x300/filters:fill(white)/product/80/100466/1.jpg?3778,Jumia,2026-01-28 17:12:45,175.0,299.0,41.47,5.0,Autre,Autre,0.0,,,,Non spécifié,66.7,Entrée de gamme,,,,,,,,,False,,,,,,False,,,,,4.0,,,,Neutre,0.6,"sans fil, fil, sans, windows, pour",Processeur Autre | 175 Dhs,False,False,Normal,False,-0.4219684084381734,0.8364894162280068,Cohérent,0,True,Prix extrême,60.0,Non recommandé - Vérifier,3.0
"Lunettes rondes Anti-lumière bleue pour femmes,Tendance oreilles de chat rose by For Ladys",79.00 Dhs,179.00 Dhs,56%,2 out of 5,https://ma.jumia.is/unsafe/fit-in/300x300/filters:fill(white)/product/92/950806/1.jpg?5607,Jumia,2026-01-28 17:12:45,79.0,179.0,55.87,2.0,Autre,Autre,,,,,Non spécifié,66.7,Entrée de gamme,,,,,,,,,False,,,,,,False,,,,,,,,,Neutre,0.6,pour,Processeur Autre | 79 Dhs,False,False,Normal,True,-0.5337879317544413,0.5488456983854338,Cohérent,0,True,Anomalie ML + Prix extrême,40.0,Non recommandé - Vérifier,3.0
"Présentateur sans fil, pointeur de présentation, changeur de diapositives, télécommande, stylo, contrôleur PPT avec clip, 2,4 GHz, pour ordinateur portable et fenêtre",121.00 Dhs,295.00 Dhs,59%,4.5 out of 5,https://ma.jumia.is/unsafe/fit-in/300x300/filters:fill(white)/product/95/308366/1.jpg?2699,Jumia,2026-01-28 17:12:46,121.0,295.0,58.98,4.5,Autre,Autre,4.0,,,,Non spécifié,66.7,Entrée de gamme,,,,,,,,,False,,,,,,False,,,,,,,,,Positif,1.0,"sans fil, fil, avec, sans, et",Processeur Autre | 121 Dhs,False,False,Normal,False,-0.44791299013484087,0.769749765442766,Cohérent,0,True,Prix extrême,60.0,Non recommandé - Vérifier,3.0
"Mini aspirateur de voiture automatique et souffleur d'air sans fil pour voiture, Aspirateur Trois En Un",114.00 Dhs,179.00 Dhs,36%,3.4 out of 5,https://ma.jumia.is/unsafe/fit-in/300x300/filters:fill(white)/product/09/523246/1.jpg?8247,Jumia,2026-01-28 17:12:46,114.0,179.0,36.31,3.4,Autre,Autre,,,,,Non spécifié,66.7,Entrée de gamme,,,,,,,,,False,,,,,,False,,,,,,,,,Positif,1.0,"sans fil, fil, en, sans, et",Processeur Autre | 114 Dhs,False,False,Normal,False,-0.39980943492409704,0.8934909964184021,Cohérent,0,True,Prix extrême,60.0,Non recommandé - Vérifier,3.0
General Cadena Pc Portable - Antivol à code pour ordinateur portable,109.00 Dhs,,,,https://ma.jumia.is/unsafe/fit-in/300x300/filters:fill(white)/product/76/289023/1.jpg?9305,Jumia,2026-01-28 17:12:46,109.0,,0.0,,Autre,Autre,,,,,Non spécifié,50.0,Entrée de gamme,,,,,,,,,False,,,,,,False,,,,,,,,,Positif,1.0,"pour ordinateur, pour, ordinateur portable, portable, ordinateur",Processeur Autre | 109 Dhs,False,False,Normal,False,-0.4069408441262038,0.8751462119343111,Cohérent,0,True,Prix extrême,55.0,Non recommandé - Vérifier,3.0
"Cable Imprimante USB 3.0 A-Mâle vers B-Mâle,Ordinateur, Serveur, Imprimante-Noir",100.00 Dhs,,,,https://ma.jumia.is/unsafe/fit-in/300x300/filters:fill(white)/product/12/379835/1.jpg?7271,Jumia,2026-01-28 17:12:46,100.0,,0.0,,Autre,Autre,,,,,Non spécifié,50.0,Entrée de gamme,,,,,,,,,False,,,,,,False,,,,,,,,,Neutre,0.6,ordinateur,Processeur Autre | 100 Dhs,False,False,Normal,False,-0.4069408441262038,0.8751462119343111,Cohérent,0,True,Prix extrême,55.0,Non recommandé - Vérifier,3.0
"Ordinateur éducatif pour enfants – Tablette d’enseignement Français-Arabe, jeux de logique et de calcul",95.00 Dhs,150.00 Dhs,37%,,https://ma.jumia.is/unsafe/fit-in/300x300/filters:fill(white)/product/17/476276/1.jpg?0833,Jumia,2026-01-28 17:12:47,95.0,150.0,36.67,,Autre,Autre,,,,,Non spécifié,50.0,Entrée de gamme,,,,,,,,,False,,,,,,False,,,,,,,,,Positif,0.8,"et, pour, ordinateur",Processeur Autre | 95 Dhs,False,False,Normal,False,-0.36117294402418615,0.99287922091841,Cohérent,0,True,Prix extrême,55.0,Non recommandé - Vérifier,3.0
"Imprimante thermique portable sans fil Bluetooth pour ordinateur portable Android et iOS, papier A4, imprimante photo de poche, imprimante de documents, 1000mAh",989.00 Dhs,"2,299.00 Dhs",57%,,https://ma.jumia.is/unsafe/fit-in/300x300/filters:fill(white)/product/24/144856/1.jpg?9785,Jumia,2026-01-28 17:12:47,989.0,2299.0,56.98,,Autre,Autre,,,,,Non spécifié,50.0,Entrée de gamme,,,,,,,,,False,,,,,,False,,,,,,,1000.0,,Positif,1.0,"sans fil, fil, sans, et, pour ordinateur",Processeur Autre | 989 Dhs,False,False,Normal,False,-0.41301478764817945,0.8595216443739099,Cohérent,0,False,OK,85.0,À considérer,5.0
Lenovo PC PORTABLE THINKPAD L570P-I5-6TH GENERATION-8G-256Go SSD-AZERTY-REMIS A NEUF,"1,950.00 Dhs",,,,https://ma.jumia.is/unsafe/fit-in/300x300/filters:fill(white)/product/69/041476/1.jpg?2665,Jumia,2026-01-28 17:12:47,1950.0,,0.0,,Lenovo,i5,8.0,,256.0,Inconnu,Remis à neuf,66.7,Entrée de gamme,,,,,,,256.0,,False,256.0,,,,,False,,,,,,,,,Neutre,0.6,"256go ssd, 256go, azerty remis, portable thinkpad, lenovo pc",Lenovo | Processeur i5 | 256GB Inconnu | Remis à neuf | 1950 Dhs,False,False,Normal,False,-0.4056217537781181,0.8785394302260798,Cohérent,0,False,OK,90.0,À considérer,5.0
"Jedel Haut Parleur Gamer Baffes Haut Parleurs Gaming RGB, USB Pour PC portable Ordinateur",75.00 Dhs,120.00 Dhs,38%,5 out of 5,https://ma.jumia.is/unsafe/fit-in/300x300/filters:fill(white)/product/46/892266/1.jpg?3025,Jumia,2026-01-28 17:12:47,75.0,120.0,37.5,5.0,Autre,Autre,,,,,Non spécifié,66.7,Entrée de gamme,,,,,,,,,False,,,,,,False,,,,,,,,,Positif,0.8,"pour, ordinateur, pc portable, pc, portable",Processeur Autre | 75 Dhs,False,False,Normal,False,-0.38000606651239377,0.9444330354006035,Cohérent,0,True,Prix extrême,60.0,Non recommandé - Vérifier,3.0
