Titre,Prix_Actuel,Ancien_Prix,Discount,Rating,Image_URL,Source,Date_Collecte
"Hp PC Portable Probook 650 Core i3 G3- 7ème Génération- 256Gb SSD- 8GB RAM -Ecran 15.6""- GARANTIE 6 MOIS -remis a neuf - AZERTY","1,999.00 Dhs","3,299.00 Dhs",39%,5 out of 5,https://ma.jumia.is/unsafe/fit-in/300x300/filters:fill(white)/product/52/108176/1.jpg?9241,Jumia,2026-01-28 17:12:02
Pc Portable HP EliteBook 840 G8 Tactile I5-1145g7 11éme Génération RAM 16Go DDR4 256Gb SSD QWERTY - REMIS A NEUF,"3,890.00 Dhs","4,990.00 Dhs",22%,,https://ma.jumia.is/unsafe/fit-in/300x300/filters:fill(white)/product/74/250476/1.jpg?3449,Jumia,2026-01-28 17:12:02
Lenovo PC portable Thinkpad-L440 Core i5 RAM 8GB 500 HDD 6ème Génération Remis à Neuf,"1,789.00 Dhs","3,299.00 Dhs",46%,,https://ma.jumia.is/unsafe/fit-in/300x300/filters:fill(white)/product/77/426956/1.jpg?3307,Jumia,2026-01-28 17:12:02
"Support pliable pour ordinateur Portable Mac et PC, en Aluminium, Support Antidérapant",42.00 Dhs,185.00 Dhs,77%,4.1 out of 5,https://ma.jumia.is/unsafe/fit-in/300x300/filters:fill(white)/product/93/872246/1.jpg?0783,Jumia,2026-01-28 17:12:02
Hp PC Portable ELITEBOOK 840 G8 - INTEL CORE I7-11ème GÉNÉRATION - 32GB - 512GB SSD - FHD - CARTABLE ET SOURIS GRATUIT - GARANTIE DE SIX MOIS - Remis à neuf,"6,399.00 Dhs","7,699.00 Dhs",17%,,https://ma.jumia.is/unsafe/fit-in/300x300/filters:fill(white)/product/02/876276/1.jpg?5803,Jumia,2026-01-28 17:12:02
Acer Pc Portable Aspire Go 15 - i7-13620H / 8Go / 512Go Windows 11 + souris + sacoche (NX.J4GEF.00C),"7,990.00 Dhs","8,700.00 Dhs",8%,,https://ma.jumia.is/unsafe/fit-in/300x300/filters:fill(white)/product/54/280376/1.jpg?3709,Jumia,2026-01-28 17:12:02
"Hp PC Portable Probook 650 Core i5 G2- 5ème Génération- 256Gb SSD- 8GB RAM -Ecran 15.6""- GARANTIE 6 MOIS -remis a neuf - AZERTY","2,099.00 Dhs","3,499.00 Dhs",40%,,https://ma.jumia.is/unsafe/fit-in/300x300/filters:fill(white)/product/69/697376/1.jpg?7101,Jumia,2026-01-28 17:12:02
Hp PC portable ELITEBOOK X360 G7 I5-10ème -8GB- 256GB SSD -TACTILE -CARTABLE ET SOURIS GRATUIT-REMIS À NEUF,"3,789.00 Dhs","7,999.00 Dhs",53%,,https://ma.jumia.is/unsafe/fit-in/300x300/filters:fill(white)/product/77/536956/1.jpg?0120,Jumia,2026-01-28 17:12:02
"Hp PC Portable Probook 650 Core i5 G2 - 5ème Génération - 256Gb SSD - 8GB RAM - Écran 15.6"" - GARANTIE 6 MOIS - remis à neuf - AZERTY","2,189.00 Dhs","3,599.00 Dhs",39%,,https://ma.jumia.is/unsafe/fit-in/300x300/filters:fill(white)/product/98/697376/1.jpg?6531,Jumia,2026-01-28 17:12:02
"DELL Pc Portable Latitude 7420 Intel Core I5-1145g7 11éme Génération RAM 16Go DDR4 256Gb SSD Ecran IPS 14""QWERTY - REMIS A NEUF","3,690.00 Dhs","3,990.00 Dhs",8%,,https://ma.jumia.is/unsafe/fit-in/300x300/filters:fill(white)/product/18/566376/1.jpg?3857,Jumia,2026-01-28 17:12:02
Cartable PC Sac a dos pour ordinateur portable noir,125.00 Dhs,249.00 Dhs,50%,4.2 out of 5,https://ma.jumia.is/unsafe/fit-in/300x300/filters:fill(white)/product/13/119176/1.jpg?9935,Jumia,2026-01-28 17:12:02
Acer Pc Portable Aspire Go 15 - i5-13420 / 8Go / 512Go Windows 11 + sacoche + souris(NX.J4GEF.009),"6,299.00 Dhs","6,790.00 Dhs",7%,,https://ma.jumia.is/unsafe/fit-in/300x300/filters:fill(white)/product/37/180376/1.jpg?3089,Jumia,2026-01-28 17:12:02
"Hp PC Portable Probook 650 Core i5 G2- 5ème Génération- 256Gb SSD- 8GB RAM -Ecran 15.6""- GARANTIE 6 MOIS -remis a neuf - AZERTY","2,099.00 Dhs","3,299.00 Dhs",36%,,https://ma.jumia.is/unsafe/fit-in/300x300/filters:fill(white)/product/71/697376/1.jpg?0061,Jumia,2026-01-28 17:12:02
Acer Pc Portable Aspire Go 15 - i5-13420 / 16Go / 512Go Windows 11 (NX.J4GEF.00A),"6,490.00 Dhs","7,200.00 Dhs",10%,,https://ma.jumia.is/unsafe/fit-in/300x300/filters:fill(white)/product/32/180376/1.jpg?1263,Jumia,2026-01-28 17:12:02
XIAOMI Monitor A22I (Black),699.00 Dhs,899.00 Dhs,22%,4.6 out of 5,https://ma.jumia.is/unsafe/fit-in/300x300/filters:fill(white)/product/04/034646/1.jpg?2339,Jumia,2026-01-28 17:12:03
DELL Pc Portable Latitude 5410 Core i5 10ème RAM 16GB 256SSD ÉCRAN 14” Remis à Neuf,"3,200.00 Dhs","3,600.00 Dhs",11%,,https://ma.jumia.is/unsafe/fit-in/300x300/filters:fill(white)/product/33/808066/1.jpg?6445,Jumia,2026-01-28 17:12:03
"Support pliable pour ordinateur Portable Mac et PC, en Aluminium, Support Antidérapant",47.00 Dhs,304.00 Dhs,85%,4.3 out of 5,https://ma.jumia.is/unsafe/fit-in/300x300/filters:fill(white)/product/02/466436/1.jpg?4183,Jumia,2026-01-28 17:12:03
"Pc Portable ThinkPad L13 Core i5-10310U 1,7 Ghz Turbo 4.4Ghz 8G DDR4 256G SSD Ecran 13.3 IPS FULLHD Clavier Azerty Rétro -Remis à neuf","2,990.00 Dhs","3,390.00 Dhs",12%,5 out of 5,https://ma.jumia.is/unsafe/fit-in/300x300/filters:fill(white)/product/19/609656/1.jpg?4592,Jumia,2026-01-28 17:12:03
Logitech Souris filaire USB 1000 PPP – Grise,39.00 Dhs,62.00 Dhs,37%,4.6 out of 5,https://ma.jumia.is/unsafe/fit-in/300x300/filters:fill(white)/product/48/859256/1.jpg?6572,Jumia,2026-01-28 17:12:03
Asus ORDINATEUR PORTABLE,"4,500.00 Dhs","4,900.00 Dhs",8%,,https://ma.jumia.is/unsafe/fit-in/300x300/filters:fill(white)/product/20/118756/1.jpg?6117,Jumia,2026-01-28 17:12:03
Hp Pc Portable ProBook x360 435 G8 Ryzen 7 Pro 5850U RAM 16Go DDR4 512Gb SSD QWERTY Tactile - Remis a neuf,"4,280.00 Dhs","7,000.00 Dhs",39%,,https://ma.jumia.is/unsafe/fit-in/300x300/filters:fill(white)/product/60/748376/1.jpg?9594,Jumia,2026-01-28 17:12:03
Asus ORDINATEUR PORTABLE,"3,490.00 Dhs","3,900.00 Dhs",11%,,https://ma.jumia.is/unsafe/fit-in/300x300/filters:fill(white)/product/33/018756/1.jpg?5245,Jumia,2026-01-28 17:12:03
Hp Ordinateur portable 15 N100 4GB 256SSD W11H GRAY,"3,990.00 Dhs","4,800.00 Dhs",17%,,https://ma.jumia.is/unsafe/fit-in/300x300/filters:fill(white)/product/98/442756/1.jpg?1445,Jumia,2026-01-28 17:12:03
"DELL Ordinateur portable Latitude E7270 - 12,5 pouces - Processeur Intel Core i5 de 6e génération - 8 Go de RAM - SSD de 256 Go - (Occasion en bon état)","1,749.00 Dhs","2,299.00 Dhs",24%,,https://ma.jumia.is/unsafe/fit-in/300x300/filters:fill(white)/product/68/320576/1.jpg?6623,Jumia,2026-01-28 17:12:03
Asus PC Portable 90NB10J2-M00N90,"6,400.00 Dhs",,,,https://ma.jumia.is/unsafe/fit-in/300x300/filters:fill(white)/product/97/712376/1.jpg?2536,Jumia,2026-01-28 17:12:03
"Hp PC Portable Probook 650 Core i3 G3- 7ème Génération- 500Go HDD- 8GB RAM -Ecran 15.6""- GARANTIE 6 MOIS -remis a neuf - AZERTY","1,959.00 Dhs","2,999.00 Dhs",35%,3.7 out of 5,https://ma.jumia.is/unsafe/fit-in/300x300/filters:fill(white)/product/78/008176/1.jpg?4419,Jumia,2026-01-28 17:12:03
"Tapis souris XXL Large 900 × 400, tapis gamer XXL pour bureau et ordinateur portable",69.00 Dhs,199.00 Dhs,65%,4.9 out of 5,https://ma.jumia.is/unsafe/fit-in/300x300/filters:fill(white)/product/58/255566/1.jpg?5113,Jumia,2026-01-28 17:12:03
DELL PC PORTABLE Latitude 7480 -INTEL COR i5- RAM 8Go - 256Go SSD-SOURIS WIFI GRATUIT -GARANTIE 6 MOIS- REMIS A NEUF/,"2,199.00 Dhs","3,999.00 Dhs",45%,,https://ma.jumia.is/unsafe/fit-in/300x300/filters:fill(white)/product/95/694576/1.jpg?1743,Jumia,2026-01-28 17:12:03
Lenovo Ordinateur portable ThinkPad E14 Gen 5 I7 13 EME GEN / 16 GB / 512 SSD / NEUF SANS EMBALLAGE,"8,500.00 Dhs",,,,https://ma.jumia.is/unsafe/fit-in/300x300/filters:fill(white)/product/90/219366/1.jpg?0569,Jumia,2026-01-28 17:12:03
"Hp ProBook 640 - Intel Core i3 (6ème Gen) - 8Go RAM - 320Go HDD - 14"" - AZERTY - (Remis à Neuf)","1,899.00 Dhs","4,499.00 Dhs",58%,3.5 out of 5,https://ma.jumia.is/unsafe/fit-in/300x300/filters:fill(white)/product/32/986316/1.jpg?1124,Jumia,2026-01-28 17:12:03
Lenovo PC PORTABLE LENOVO THINKPAD T540P-I5-8G-256Go SSD-FULL HD-REMIS A NEUF,"2,189.00 Dhs","3,099.00 Dhs",29%,5 out of 5,https://ma.jumia.is/unsafe/fit-in/300x300/filters:fill(white)/product/60/775685/1.jpg?0365,Jumia,2026-01-28 17:12:03
"Hp EliteBook X360 G3 - Intel Core i5 - 8Go RAM - 512Go SSD - 13.3"" Tactile - (Remis à Neuf)","3,489.00 Dhs","9,999.00 Dhs",65%,4.4 out of 5,https://ma.jumia.is/unsafe/fit-in/300x300/filters:fill(white)/product/20/824916/1.jpg?4684,Jumia,2026-01-28 17:12:03
Hp PC Portable ELITEBOOK 840 G7 -10810U- 10EME GENERATION -INTEL CORE I5-10éme -8GB- 256GB SSD- FHD - À NEUF/,"3,589.00 Dhs","5,299.00 Dhs",32%,5 out of 5,https://ma.jumia.is/unsafe/fit-in/300x300/filters:fill(white)/product/55/151166/1.jpg?2019,Jumia,2026-01-28 17:12:04
Hp PC Portable ELITEBOOK X360 G3 I5-8éme -16GB- 512GB SSD - TACTILE - REMIS À NEUF,"3,889.00 Dhs","6,999.00 Dhs",44%,5 out of 5,https://ma.jumia.is/unsafe/fit-in/300x300/filters:fill(white)/product/42/591536/1.jpg?2246,Jumia,2026-01-28 17:12:04
"DELL PC GAMER Optiplex 3020 MT Intel Core i5- 4th Gen - RAM 16Go, 500Go HDD, 256Go SSD, RADEON R5 430 2Go (Remis à Neuf)","1,399.00 Dhs","1,950.00 Dhs",28%,3.5 out of 5,https://ma.jumia.is/unsafe/fit-in/300x300/filters:fill(white)/product/06/937376/1.jpg?3929,Jumia,2026-01-28 17:12:04
"Hp Ordinateur portable ProBook 450 G10 Intel® Core™ i5-1335U 8 Go 256 Go SSD 15,6 pouces FHD - AZERTY","8,100.00 Dhs","8,300.00 Dhs",2%,,https://ma.jumia.is/unsafe/fit-in/300x300/filters:fill(white)/product/89/139956/1.jpg?7065,Jumia,2026-01-28 17:12:04
"Hp PC Portable EliteBook X360 G2 - 14"" - Intel Core i5 7ème Génération - 8GB RAM + 256GB SSD - Windows - Tactile - Remis à neuf","3,599.00 Dhs","8,899.00 Dhs",60%,3 out of 5,https://ma.jumia.is/unsafe/fit-in/300x300/filters:fill(white)/product/12/153575/1.jpg?2179,Jumia,2026-01-28 17:12:04
Hp Ordinateur portable Pavilion x360 2-en-1 14-ek1001nk i5-1335U 8 Go 512SSD Windows 11,"9,200.00 Dhs",,,,https://ma.jumia.is/unsafe/fit-in/300x300/filters:fill(white)/product/88/475176/1.jpg?3743,Jumia,2026-01-28 17:12:04
"Jedel Haut Parleur Gamer RGB 6W , Baffes Haut-Parleurs Gaming USB Pour PC Portable Ordinateur",75.00 Dhs,120.00 Dhs,38%,4.2 out of 5,https://ma.jumia.is/unsafe/fit-in/300x300/filters:fill(white)/product/55/892266/1.jpg?3298,Jumia,2026-01-28 17:12:04
Hp Ordinateur Portable 250 G9 – i3 (778N7ES),"4,610.00 Dhs","5,500.00 Dhs",16%,,https://ma.jumia.is/unsafe/fit-in/300x300/filters:fill(white)/product/80/127966/1.jpg?5745,Jumia,2026-01-28 17:12:04
"Hp PC Portable HP Probook 640 Core i5 4eme 320Gb 8GB RAM 14""- remis a neuf","1,989.00 Dhs","2,999.00 Dhs",34%,4 out of 5,https://ma.jumia.is/unsafe/fit-in/300x300/filters:fill(white)/product/71/673026/1.jpg?5488,Jumia,2026-01-28 17:12:12
Lenovo Ordinateur portable-i5 1245u-16GB-256G SSD-Win10Pro-Azerty-Garantie 24 Mois,"13,960.00 Dhs","15,000.00 Dhs",7%,,https://ma.jumia.is/unsafe/fit-in/300x300/filters:fill(white)/product/09/592056/1.jpg?6025,Jumia,2026-01-28 17:12:12
Lenovo PC PORTABLE THINKPAD L570P-I5-6TH GENERATION-8G-256Go SSD-AZERTY-REMIS A NEUF,"1,989.00 Dhs","4,599.00 Dhs",57%,4 out of 5,https://ma.jumia.is/unsafe/fit-in/300x300/filters:fill(white)/product/26/476846/1.jpg?8806,Jumia,2026-01-28 17:12:12
"Pc Portable HP EliteBook 830 G7 I5-10310U 10ème Génération RAM 16Go DDR4 256Gb SSD Ecran 13.3""Tactile -QWERTZ Germany - REMIS A NEUF","3,590.00 Dhs","4,990.00 Dhs",28%,,https://ma.jumia.is/unsafe/fit-in/300x300/filters:fill(white)/product/13/776966/1.jpg?5506,Jumia,2026-01-28 17:12:12
Hp Pc Portable ProBook x360 435 G8 Ryzen 7 Pro 5850U RAM 16Go DDR4 512Gb SSD QWERTY Tactile - REMIS A NEUF,"4,490.00 Dhs","4,990.00 Dhs",10%,5 out of 5,https://ma.jumia.is/unsafe/fit-in/300x300/filters:fill(white)/product/56/896966/1.jpg?0744,Jumia,2026-01-28 17:12:12
Hp PC Portable ELITEBOOK X360 G2 I5-7éme -16GB- 256GB SSD - TACTILE -REMIS À NEUF/,"3,588.00 Dhs","5,999.00 Dhs",40%,,https://ma.jumia.is/unsafe/fit-in/300x300/filters:fill(white)/product/59/307416/1.jpg?5344,Jumia,2026-01-28 17:12:13
Souris Optique Sans fil Bluetooth et USB wirless 2.4Ghz 1600 dpi haute résolution pour ordinateur bureau et portable + Pile inclus,65.00 Dhs,120.00 Dhs,46%,4.4 out of 5,https://ma.jumia.is/unsafe/fit-in/300x300/filters:fill(white)/product/81/067366/1.jpg?1972,Jumia,2026-01-28 17:12:13
"Hp PC Portable Probook 650 G3 - Core i3 - 7eme GÉNÉRATION - 320Gb HDD- 4GB RAM- AZERTY-ECRAN 15.6""-AVEC CARTABLE ET SOURIS GRATUIT -GARANTIE DE SIX MOIS -remis a neuf","1,989.00 Dhs","2,999.00 Dhs",34%,1 out of 5,https://ma.jumia.is/unsafe/fit-in/300x300/filters:fill(white)/product/76/497176/1.jpg?5654,Jumia,2026-01-28 17:12:13
"Hp PC Portable Probook 640 Core intel i5-500Go-RAM 8GB 14""- remis a neuf","1,989.00 Dhs","2,799.00 Dhs",29%,3 out of 5,https://ma.jumia.is/unsafe/fit-in/300x300/filters:fill(white)/product/64/504926/1.jpg?2483,Jumia,2026-01-28 17:12:13
Hp PC Portable ELITEBOOK X360 G3 I7-8éme -16GB- 256GB SSD-TACTILE-AZERTY-REMIS À NEUF,"4,899.00 Dhs","6,999.00 Dhs",30%,5 out of 5,https://ma.jumia.is/unsafe/fit-in/300x300/filters:fill(white)/product/52/991746/1.jpg?3229,Jumia,2026-01-28 17:12:13
"Mini aspirateur de voiture automatique et souffleur d'air sans fil pour voiture, Aspirateur Trois En Un",114.00 Dhs,139.99 Dhs,19%,4 out of 5,https://ma.jumia.is/unsafe/fit-in/300x300/filters:fill(white)/product/16/274846/1.jpg?7043,Jumia,2026-01-28 17:12:13
Hp PC Portable ELITEBOOK X360 G2 I5-7éme -8GB- 256GB SSD - TACTILE -REMIS À NEUF/,"3,399.00 Dhs","5,999.00 Dhs",43%,5 out of 5,https://ma.jumia.is/unsafe/fit-in/300x300/filters:fill(white)/product/37/307416/1.jpg?5225,Jumia,2026-01-28 17:12:13
"Souris verticale sans fil Triple connexion 2 modes Bluetooth + clé 2.4GHz Rechargeable DPI Réglable optique sans fil 5 boutons pour ordinateur portable PC, Mac...",135.00 Dhs,300.00 Dhs,55%,4.5 out of 5,https://ma.jumia.is/unsafe/fit-in/300x300/filters:fill(white)/product/92/961466/1.jpg?9499,Jumia,2026-01-28 17:12:13
"Hp PC Portable Probook 650 Core i3 G3- 7ème Génération- 500Go HDD- 8GB RAM -Ecran 15.6""- GARANTIE 6 MOIS -remis a neuf - AZERTY","1,989.00 Dhs","2,999.00 Dhs",34%,,https://ma.jumia.is/unsafe/fit-in/300x300/filters:fill(white)/product/41/428176/1.jpg?5604,Jumia,2026-01-28 17:12:13
DELL Ordinateur Portable Latitude 5480 Core i5-7200U 14'' 8GB 256GB - Remis à neuf,"3,899.00 Dhs","4,500.00 Dhs",13%,,https://ma.jumia.is/unsafe/fit-in/300x300/filters:fill(white)/product/14/748475/1.jpg?6205,Jumia,2026-01-28 17:12:13
Lenovo PC PORTABLE Thinkpad-T470 Core i5 RAM 16GB 512 SSD-6ème Génération-Remis a Neuf,"3,589.00 Dhs","4,999.00 Dhs",28%,2 out of 5,https://ma.jumia.is/unsafe/fit-in/300x300/filters:fill(white)/product/02/966026/1.jpg?7612,Jumia,2026-01-28 17:12:13
Laptop stand NOIR Support ordinateur portable en alliage d'aluminium réglable,53.00 Dhs,149.00 Dhs,64%,4.5 out of 5,https://ma.jumia.is/unsafe/fit-in/300x300/filters:fill(white)/product/21/311585/1.jpg?0015,Jumia,2026-01-28 17:12:13
Hp PC Portable ELITEBOOK 840 G8 - INTEL CORE I7-11ème GÉNÉRATION - 32GB - 512GB SSD - FHD - À NEUF,"6,289.00 Dhs","7,999.00 Dhs",21%,,https://ma.jumia.is/unsafe/fit-in/300x300/filters:fill(white)/product/79/276276/1.jpg?0162,Jumia,2026-01-28 17:12:13
"Lenovo Pc Portable IdeaPad Slim 3 15,6'' AMD Ryzen 5-7520U 16Go 512Go","6,500.00 Dhs","6,900.00 Dhs",6%,,https://ma.jumia.is/unsafe/fit-in/300x300/filters:fill(white)/product/42/093576/1.jpg?7735,Jumia,2026-01-28 17:12:13
Pc Portable EliteBook 830 G6 I7-8665U 8éme Génération RAM 16Go DDR4 256Gb SSD QWERTY - REMIS A NEUF,"3,490.00 Dhs","4,490.00 Dhs",22%,5 out of 5,https://ma.jumia.is/unsafe/fit-in/300x300/filters:fill(white)/product/74/656066/1.jpg?3710,Jumia,2026-01-28 17:12:13
"Hp ProBook 640 - Intel Core i5 - 8Go RAM - 500Go HDD - 14"" - (Remis à Neuf)","1,989.00 Dhs","4,199.00 Dhs",53%,3 out of 5,https://ma.jumia.is/unsafe/fit-in/300x300/filters:fill(white)/product/78/873046/1.jpg?7903,Jumia,2026-01-28 17:12:13
"Hp Ordinateur Probook 640 G1 14"" Core i5-4Th 8GB 500Go HDD [REMIS A NEUF]","3,900.00 Dhs",,,,https://ma.jumia.is/unsafe/fit-in/300x300/filters:fill(white)/product/89/408794/1.jpg?4666,Jumia,2026-01-28 17:12:13
Hp PC Portable ELITEBOOK X360 G7-1040 -10810U -INTEL CORE I5-10éme -8GB- 256GB SSD- FHD Rotation Tactile- À NEUF/,"3,789.00 Dhs","8,599.00 Dhs",56%,,https://ma.jumia.is/unsafe/fit-in/300x300/filters:fill(white)/product/05/703956/1.jpg?6985,Jumia,2026-01-28 17:12:13
"Hp PC Portable Probook 640 Core i5 8eme 500Gb 4GB RAM 14""- remis a neuf","1,989.00 Dhs","2,499.00 Dhs",20%,,https://ma.jumia.is/unsafe/fit-in/300x300/filters:fill(white)/product/77/004806/1.jpg?9008,Jumia,2026-01-28 17:12:14
Pc Portable HP EliteBook 840 G8 I5-1145g7 11éme Génération RAM 16Go DDR4 256Gb SSD QWERTY - REMIS A NEUF,"3,590.00 Dhs","3,990.00 Dhs",10%,,https://ma.jumia.is/unsafe/fit-in/300x300/filters:fill(white)/product/76/636566/1.jpg?9815,Jumia,2026-01-28 17:12:14
DELL PC Portable ELITEBOOK 840 G7 -10810U -INTEL CORE I5-10éme -16GB- 256GB SSD- FHD - À NEUF/,"3,789.00 Dhs","5,699.00 Dhs",34%,,https://ma.jumia.is/unsafe/fit-in/300x300/filters:fill(white)/product/60/663566/1.jpg?7883,Jumia,2026-01-28 17:12:14
"Souris optique filaire USB 3D Antidérapante YR-3018 compatible avec PC, Mac, ordinateur bureau et portable",38.00 Dhs,149.00 Dhs,74%,3.9 out of 5,https://ma.jumia.is/unsafe/fit-in/300x300/filters:fill(white)/product/00/149366/1.jpg?9489,Jumia,2026-01-28 17:12:14
Câble Adaptateur DP pour Display port mâle vers HDMI Femelle - Noir,49.00 Dhs,55.00 Dhs,11%,3.9 out of 5,https://ma.jumia.is/unsafe/fit-in/300x300/filters:fill(white)/product/96/484706/1.jpg?1511,Jumia,2026-01-28 17:12:14
"Hp PC Portable Probook 640 Core i3 4eme 500Gb 8GB RAM 14""- remis a neuf","1,999.00 Dhs","3,299.00 Dhs",39%,3.6 out of 5,https://ma.jumia.is/unsafe/fit-in/300x300/filters:fill(white)/product/54/365536/1.jpg?4563,Jumia,2026-01-28 17:12:14
Lenovo PC PORTABLE - Thinkpad-L440- Core intel celeron- RAM 4GB - 250 HDD -Garantie six mois-Remis a Neuf,"1,689.00 Dhs","2,599.00 Dhs",35%,,https://ma.jumia.is/unsafe/fit-in/300x300/filters:fill(white)/product/95/286176/1.jpg?5471,Jumia,2026-01-28 17:12:14
"DELL PC portable Latitude 5491 i5 8ème, 16Go DDR4, 512Go SSD, 14"" QWERTY - Remis à neuf","2,899.00 Dhs","4,100.00 Dhs",29%,4.5 out of 5,https://ma.jumia.is/unsafe/fit-in/300x300/filters:fill(white)/product/16/392246/1.jpg?9104,Jumia,2026-01-28 17:12:14
Acer PC PORTABLE TRAVELMATE P215-52 SERIES I5-10EME-8GB RAM-256SSD (REMIS A NEUF),"2,850.00 Dhs","4,000.00 Dhs",29%,,https://ma.jumia.is/unsafe/fit-in/300x300/filters:fill(white)/product/42/631466/1.jpg?9112,Jumia,2026-01-28 17:12:14
Hp PC Portable ELITEBOOK 840 G7 -10810U- 10EME GENERATION -INTEL CORE I5-10éme -16GB- 512GB SSD- FHD - Remis à neuf,"3,899.00 Dhs","5,699.00 Dhs",32%,2.5 out of 5,https://ma.jumia.is/unsafe/fit-in/300x300/filters:fill(white)/product/39/151166/1.jpg?2885,Jumia,2026-01-28 17:12:14
"Hp PC Portable Probook 650 Core i3 G3- 7ème Génération- 320Go HDD- 4GB RAM -Ecran 15.6""- GARANTIE 6 MOIS -remis a neuf - AZERTY","1,989.00 Dhs","3,299.00 Dhs",40%,,https://ma.jumia.is/unsafe/fit-in/300x300/filters:fill(white)/product/91/428176/1.jpg?6159,Jumia,2026-01-28 17:12:14
Hp Pack PC Bureau Complet – Core i5 4éme - 8Go RAM - 128Go SSD - Écran 17” - Remis à Neuf,"1,095.00 Dhs","1,600.00 Dhs",32%,3 out of 5,https://ma.jumia.is/unsafe/fit-in/300x300/filters:fill(white)/product/26/855176/1.jpg?6923,Jumia,2026-01-28 17:12:14
"Lenovo PC PORTABLE Thinkpad V15 G2 IJL -ECRAN 15.6"" - Core INTEL-11ème Génération-RAM 8GB -256 SSD-AZERTY-GARANTIE 6 MOIS-Remis a Neuf/","2,389.00 Dhs","4,599.00 Dhs",48%,,https://ma.jumia.is/unsafe/fit-in/300x300/filters:fill(white)/product/99/639176/1.jpg?4632,Jumia,2026-01-28 17:12:14
Hp PC Portable ELITEBOOK 840 G8 - INTEL CORE I7-11ème GÉNÉRATION - 32GB - 512GB SSD - FHD -AVEC CARTABLE ET SOURIS GRATUIT- À NEUF,"6,489.00 Dhs","6,599.00 Dhs",2%,,https://ma.jumia.is/unsafe/fit-in/300x300/filters:fill(white)/product/90/988276/1.jpg?1470,Jumia,2026-01-28 17:12:14
"Lenovo PC Portable ThinkPad L450 - 14"" - Intel Core i5 - 8GB RAM + 500GB HDD - Windows - AZERTY - Remis à neuf","1,699.00 Dhs","2,699.00 Dhs",37%,,https://ma.jumia.is/unsafe/fit-in/300x300/filters:fill(white)/product/47/722946/1.jpg?5683,Jumia,2026-01-28 17:12:14
Lenovo PC PORTABLE Thinkpad-L390 Core i5 RAM 16GB 512 SSD-8ème Génération-Remis a Neuf,"3,189.00 Dhs","4,699.00 Dhs",32%,,https://ma.jumia.is/unsafe/fit-in/300x300/filters:fill(white)/product/43/392566/1.jpg?4946,Jumia,2026-01-28 17:12:14
"Hp ProBook 640 - Intel Core i5 - 8Go RAM - 500Go HDD - 14"" - AZERTY - (Remis à Neuf)","1,989.00 Dhs","2,799.00 Dhs",29%,3.8 out of 5,https://ma.jumia.is/unsafe/fit-in/300x300/filters:fill(white)/product/57/530606/1.jpg?6906,Jumia,2026-01-28 17:12:15
Lenovo PC PORTABLE Thinkpad-L390 Core i5 RAM 16GB 512 SSD-8ème Génération-Remis a Neuf,"3,189.00 Dhs","4,699.00 Dhs",32%,,https://ma.jumia.is/unsafe/fit-in/300x300/filters:fill(white)/product/43/392566/1.jpg?4946,Jumia,2026-01-28 17:12:22
"Hp ProBook 640 - Intel Core i5 - 8Go RAM - 500Go HDD - 14"" - AZERTY - (Remis à Neuf)","1,989.00 Dhs","2,799.00 Dhs",29%,3.8 out of 5,https://ma.jumia.is/unsafe/fit-in/300x300/filters:fill(white)/product/57/530606/1.jpg?6906,Jumia,2026-01-28 17:12:22
DELL PC Portable Latitude E5440-i5-8G-500G-SOURIS-CARTABLE GRATUIT-REMIS A NEUF/,"2,189.00 Dhs","3,399.00 Dhs",36%,,https://ma.jumia.is/unsafe/fit-in/300x300/filters:fill(white)/product/88/881416/1.jpg?2884,Jumia,2026-01-28 17:12:23
Lenovo PC PORTABLE Thinkpad T470 Core i5 -RAM 8GB -256 SSD -6ème Gén -Remis a Neuf/,"3,889.00 Dhs","3,999.00 Dhs",3%,,https://ma.jumia.is/unsafe/fit-in/300x300/filters:fill(white)/product/71/938926/1.jpg?0367,Jumia,2026-01-28 17:12:23
Hp PC Portable ELITEBOOK X360 G3 I5-8éme -8GB- 512GB SSD - TACTILE -REMIS À NEUF/,"3,689.00 Dhs","6,299.00 Dhs",41%,,https://ma.jumia.is/unsafe/fit-in/300x300/filters:fill(white)/product/60/849656/1.jpg?4807,Jumia,2026-01-28 17:12:23
Hp PC PORTABLE EliteBook 840-CORE INTEL i5-RAM 8Go- 500Go HDD -SOURIS GRATUIT-GARANTIE DE 6 MOIS -remise à neuf,"1,899.00 Dhs","3,299.00 Dhs",42%,,https://ma.jumia.is/unsafe/fit-in/300x300/filters:fill(white)/product/71/222576/1.jpg?7838,Jumia,2026-01-28 17:12:23
"Hp 250 G9 Pc portable Intel® Core™ i3-1215U - 4Go - 256Go SSD - FreeDOS - 15.6"" - AZERTY","3,999.00 Dhs","5,090.00 Dhs",21%,,https://ma.jumia.is/unsafe/fit-in/300x300/filters:fill(white)/product/00/894856/1.jpg?6265,Jumia,2026-01-28 17:12:23
"Hp PC Portable Probook 640 Core i3 -500Gb-RAM 8GB-14""-Garantie 6 mois- remis a neuf - AZERTY","1,989.00 Dhs","2,799.00 Dhs",29%,,https://ma.jumia.is/unsafe/fit-in/300x300/filters:fill(white)/product/46/359566/1.jpg?4472,Jumia,2026-01-28 17:12:23
Lenovo PC PORTABLE - Thinkpad-L440- Core intel celeron- RAM 8GB - 250 HDD -Garantie six mois-Remis a Neuf,"1,789.00 Dhs","1,999.00 Dhs",11%,5 out of 5,https://ma.jumia.is/unsafe/fit-in/300x300/filters:fill(white)/product/14/982566/1.jpg?6751,Jumia,2026-01-28 17:12:23
DELL PC Portable Latitude E5430-i5- RAM 4G-250Go HDD-SOURIS -GRATUIT-AZERTY-REMIS A NEUF,"2,995.00 Dhs","2,999.00 Dhs",1%,,https://ma.jumia.is/unsafe/fit-in/300x300/filters:fill(white)/product/66/559176/1.jpg?5465,Jumia,2026-01-28 17:12:23
Hp PC Portable ELITEBOOK 840 G7 -10810U -INTEL CORE I5-10éme -8GB- 256GB SSD- FHD - À NEUF/,"3,789.00 Dhs","5,999.00 Dhs",37%,,https://ma.jumia.is/unsafe/fit-in/300x300/filters:fill(white)/product/80/834856/1.jpg?9309,Jumia,2026-01-28 17:12:23
"Hp PC Portable EliteBook X360 G3 - 14"" - Intel Core i5 8ème Génération - 8GB RAM + 256GB SSD - Windows - Tactile - GARANTIE DE SIX MOIS- AVEC CARTABLE ET SOURIS GRATUIT-Remis à neuf","3,499.00 Dhs","5,699.00 Dhs",39%,,https://ma.jumia.is/unsafe/fit-in/300x300/filters:fill(white)/product/80/667176/1.jpg?6892,Jumia,2026-01-28 17:12:23
Hp PC PORTABLE 840 G3 i5 6ÉME- RAM 16G-512 SSD+CARTABLE GRATUIT - Remis à neuf/,"2,989.00 Dhs","3,999.00 Dhs",25%,2.7 out of 5,https://ma.jumia.is/unsafe/fit-in/300x300/filters:fill(white)/product/83/796626/1.jpg?9486,Jumia,2026-01-28 17:12:23
Lenovo PC PORTABLE Thinkpad-L460 Core i5 RAM 16GB 512 SSD-6ème Génération-Remis a Neuf,"2,699.00 Dhs","4,299.00 Dhs",37%,,https://ma.jumia.is/unsafe/fit-in/300x300/filters:fill(white)/product/68/152956/1.jpg?4665,Jumia,2026-01-28 17:12:23
Hp PC Portable ELITEBOOK X360 G2 I7-7éme -16GB- 512GB SSD - TACTILE -REMIS À NEUF,"4,999.00 Dhs","8,899.00 Dhs",44%,,https://ma.jumia.is/unsafe/fit-in/300x300/filters:fill(white)/product/44/395174/1.jpg?9621,Jumia,2026-01-28 17:12:23
"Lenovo PC Portable ThinkPad L460 - 14"" - Intel Core i5 6ème Génération - 16GB RAM + 512GB SSD - Windows - Remis à neuf","3,499.00 Dhs","4,999.00 Dhs",30%,5 out of 5,https://ma.jumia.is/unsafe/fit-in/300x300/filters:fill(white)/product/56/332656/1.jpg?1969,Jumia,2026-01-28 17:12:23
"Lenovo PC Portable ThinkPad T540P - 15.6"" - Intel Core i5 - 8GB RAM + 500GB HDD - Windows - Full HD - Azerty - Remis à neuf","2,999.00 Dhs","3,199.00 Dhs",6%,3.3 out of 5,https://ma.jumia.is/unsafe/fit-in/300x300/filters:fill(white)/product/99/859795/1.jpg?2047,Jumia,2026-01-28 17:12:24
"Lenovo PC Portable ThinkPad T540P - 15.6"" - Intel Core i5 - 8GB RAM + 256GB SSD - Windows - Full HD - Azerty - Remis à neuf","2,999.00 Dhs","3,599.00 Dhs",17%,3.5 out of 5,https://ma.jumia.is/unsafe/fit-in/300x300/filters:fill(white)/product/61/959795/1.jpg?2169,Jumia,2026-01-28 17:12:24
"Hp PC Portable EliteBook X360 G3 - 14"" - Intel Core i5 8ème Génération - 16GB RAM + 512GB SSD - Windows - Tactile - GARANTIE DE SIX MOIS- AVEC CARTABLE ET SOURIS GRATUIT-Remis à neuf","3,899.00 Dhs","5,679.00 Dhs",31%,4 out of 5,https://ma.jumia.is/unsafe/fit-in/300x300/filters:fill(white)/product/82/667176/1.jpg?6893,Jumia,2026-01-28 17:12:24
"Lenovo PC Portable ThinkPad T460 - 14"" - Intel Core i5 6ème Génération - 16GB RAM + 512GB SSD - Windows - Remis à neuf","3,599.00 Dhs","4,999.00 Dhs",28%,3.6 out of 5,https://ma.jumia.is/unsafe/fit-in/300x300/filters:fill(white)/product/77/759795/1.jpg?3821,Jumia,2026-01-28 17:12:24
"Sacoche 13/14 pouces pour Pc portable NOIR, case d'ordinateurs, housse d'ordinateur portable",79.90 Dhs,199.00 Dhs,60%,4.1 out of 5,https://ma.jumia.is/unsafe/fit-in/300x300/filters:fill(white)/product/30/800466/1.jpg?8991,Jumia,2026-01-28 17:12:24
"Sac à dos d'affaires USB multifonctionnel étanche pour voyage, Cartable pour pc",197.00 Dhs,328.00 Dhs,40%,4.7 out of 5,https://ma.jumia.is/unsafe/fit-in/300x300/filters:fill(white)/product/69/265056/1.jpg?7996,Jumia,2026-01-28 17:12:24
"Table de lit pour Ordinateur Portable, Table de lit et canapé, Plateau de Petit-déjeuner, Pliant",129.00 Dhs,250.00 Dhs,48%,4.5 out of 5,https://ma.jumia.is/unsafe/fit-in/300x300/filters:fill(white)/product/66/914006/1.jpg?2694,Jumia,2026-01-28 17:12:24
"Jedel Haut Parleur Gamer RGB, Baffes Haut-Parleurs Gaming USB Pour PC Portable Ordinateur",88.00 Dhs,150.00 Dhs,41%,4.5 out of 5,https://ma.jumia.is/unsafe/fit-in/300x300/filters:fill(white)/product/26/776846/1.jpg?3123,Jumia,2026-01-28 17:12:24
mifoy M10 Souris Filaire Optique USB Effet Lumineuse RGB E-sport pour Ordinateur,48.00 Dhs,112.00 Dhs,57%,3.8 out of 5,https://ma.jumia.is/unsafe/fit-in/300x300/filters:fill(white)/product/46/082824/1.jpg?9203,Jumia,2026-01-28 17:12:24
Adaptateur réseau 1000 Mbps USB 3.0 vers RJ45 Adaptateur Ethernet LAN Carte réseau 100/1000 Mbps pour ordinateur portable Macbook Windows,65.00 Dhs,120.00 Dhs,46%,4 out of 5,https://ma.jumia.is/unsafe/fit-in/300x300/filters:fill(white)/product/88/949956/1.jpg?1270,Jumia,2026-01-28 17:12:24
"Jedel Enceintes PC S527 RGB LED USB Son Stéréo 2.0 avec Basses, Entrée Aux 3,5 mm pour PC / Ordinateur Portable",75.00 Dhs,200.00 Dhs,63%,5 out of 5,https://ma.jumia.is/unsafe/fit-in/300x300/filters:fill(white)/product/53/197166/1.jpg?9480,Jumia,2026-01-28 17:12:24
"Sacoche 13/14 pouces pour Pc portable GRIS, étui d'ordinateur, housse d'ordinateur portable",79.00 Dhs,199.00 Dhs,60%,4.6 out of 5,https://ma.jumia.is/unsafe/fit-in/300x300/filters:fill(white)/product/41/800466/1.jpg?8991,Jumia,2026-01-28 17:12:24
"Arctic Hunter sac à dos pour ordinateur portable 15,6 pouces pour les entreprises et pour l'école",299.00 Dhs,599.00 Dhs,50%,4.8 out of 5,https://ma.jumia.is/unsafe/fit-in/300x300/filters:fill(white)/product/84/969556/1.jpg?9605,Jumia,2026-01-28 17:12:24
Handboss Bouteille 650ml Nettoyage Mousse universelle Agent spray PC Surface Cleaner,48.00 Dhs,75.00 Dhs,36%,4.3 out of 5,https://ma.jumia.is/unsafe/fit-in/300x300/filters:fill(white)/product/64/383315/1.jpg?8558,Jumia,2026-01-28 17:12:25
"pack 2 étagères support écran pour stockage, étagère support pour ordinateur, tv, ...etc",74.00 Dhs,99.00 Dhs,25%,4.1 out of 5,https://ma.jumia.is/unsafe/fit-in/300x300/filters:fill(white)/product/16/513824/1.jpg?7234,Jumia,2026-01-28 17:12:25
Table Pliante Polyvalente pour Ordinateur Portable – Bureau de Lit en Bois MDF avec Fente pour Tablette et Porte-Gobelet,109.99 Dhs,150.00 Dhs,27%,,https://ma.jumia.is/unsafe/fit-in/300x300/filters:fill(white)/product/28/746276/1.jpg?0163,Jumia,2026-01-28 17:12:25
"Chargeur 100w 5V/3A ,9V/3A, 15V/3A et 20V/5A Type-c Adaptateur secteur pour ordinateurs portables ASUS ROG, ZenBook, Lenovo ThinkPad, Acer Nitro, HP Spectre, MSI, MacBook, iPad, et bien plus",261.00 Dhs,550.00 Dhs,53%,3.3 out of 5,https://ma.jumia.is/unsafe/fit-in/300x300/filters:fill(white)/product/64/168966/1.jpg?0168,Jumia,2026-01-28 17:12:25
Logitech Souris Bluetooth sans fil ? Compacte et portable ? Blanche,179.00 Dhs,286.00 Dhs,37%,4.5 out of 5,https://ma.jumia.is/unsafe/fit-in/300x300/filters:fill(white)/product/52/869256/1.jpg?3215,Jumia,2026-01-28 17:12:25
Tapis de souris Repose-poignet souple pour ordinateur de bureau,39.00 Dhs,75.00 Dhs,48%,4.2 out of 5,https://ma.jumia.is/unsafe/fit-in/300x300/filters:fill(white)/product/52/346163/1.jpg?1195,Jumia,2026-01-28 17:12:25
V8S Audio USB carte son externe mélangeur de son en direct divertissement personnel Streamer diffusion en direct pour PC téléphone ordinateur,170.00 Dhs,300.00 Dhs,43%,5 out of 5,https://ma.jumia.is/unsafe/fit-in/300x300/filters:fill(white)/product/71/983566/1.jpg?8732,Jumia,2026-01-28 17:12:25
"Edup USB Wifi Sans Fil Adaptateur Wifi Récepteur Ethernet Carte Pour PC Ordinateur - transmission 2,4 G jusqu'à 150 Mbps",50.00 Dhs,70.00 Dhs,29%,4 out of 5,https://ma.jumia.is/unsafe/fit-in/300x300/filters:fill(white)/product/92/107224/1.jpg?1793,Jumia,2026-01-28 17:12:25
Sac à Dos de Voyage d'Affaires – Grande Capacité et Imperméable pour ordinateur portable jusqu'à 17 pouces,329.00 Dhs,600.00 Dhs,45%,5 out of 5,https://ma.jumia.is/unsafe/fit-in/300x300/filters:fill(white)/product/37/439166/1.jpg?4465,Jumia,2026-01-28 17:12:25
Hp PC GAMER i5 6éme Gén - 16GB RAM - 256GB SSD / 500GB HDD - RADEON R5 430 2GB - remis à neuf,"1,649.00 Dhs","1,950.00 Dhs",15%,5 out of 5,https://ma.jumia.is/unsafe/fit-in/300x300/filters:fill(white)/product/73/773376/1.jpg?4824,Jumia,2026-01-28 17:12:25
"Table Pliable pour Ordinateur Portable en Alliage d’Aluminium – Bureau Multifonction Réglable à 360°, Plateau Ventilé avec Tablette Souris Amovible",139.00 Dhs,299.00 Dhs,54%,,https://ma.jumia.is/unsafe/fit-in/300x300/filters:fill(white)/product/22/441476/1.jpg?1956,Jumia,2026-01-28 17:12:25
"Caméra HD 1080p avec microphone intégré, pour ordinateur, appareil réseau, fonctionne avec trépied.",149.00 Dhs,400.00 Dhs,63%,4.7 out of 5,https://ma.jumia.is/unsafe/fit-in/300x300/filters:fill(white)/product/00/741066/1.jpg?5183,Jumia,2026-01-28 17:12:33
"Haoxiang Sac à dos pour ordinateur, affaires loisirs, voyage, cartable étudiant port USB",179.00 Dhs,289.00 Dhs,38%,4.2 out of 5,https://ma.jumia.is/unsafe/fit-in/300x300/filters:fill(white)/product/48/702946/1.jpg?4944,Jumia,2026-01-28 17:12:33
GAMER STORE coussin de refroidissement pour ordinateur portable gaming RGB S500,349.00 Dhs,549.00 Dhs,36%,4.3 out of 5,https://ma.jumia.is/unsafe/fit-in/300x300/filters:fill(white)/product/04/249656/1.jpg?3066,Jumia,2026-01-28 17:12:33
Chargeur adaptable pour ASUS 19V 3.42A Ordinateur Portable,199.00 Dhs,399.00 Dhs,50%,4.4 out of 5,https://ma.jumia.is/unsafe/fit-in/300x300/filters:fill(white)/product/51/186525/1.jpg?1835,Jumia,2026-01-28 17:12:33
Cooling Pad yellow Support Cooler ventilateur de refroidissement ordinateur portable,155.00 Dhs,220.00 Dhs,30%,1 out of 5,https://ma.jumia.is/unsafe/fit-in/300x300/filters:fill(white)/product/71/677076/1.jpg?3123,Jumia,2026-01-28 17:12:33
Chargeur pour Lenovo Legion 230W 20V 11.5A – Adaptateur Secteur Haute Puissance pour Ordinateurs Portables,426.00 Dhs,850.00 Dhs,50%,3.3 out of 5,https://ma.jumia.is/unsafe/fit-in/300x300/filters:fill(white)/product/75/658966/1.jpg?5884,Jumia,2026-01-28 17:12:34
Led pocket video light rotatif mini selfie ring light ay 83 pour smartphone ordinateur etc,139.00 Dhs,189.00 Dhs,26%,,https://ma.jumia.is/unsafe/fit-in/300x300/filters:fill(white)/product/27/206956/1.jpg?9587,Jumia,2026-01-28 17:12:34
"Table Plateau pliable pour PC portable, Support Table Bureau de lit d'ordinateur Portable",129.00 Dhs,200.00 Dhs,36%,4.8 out of 5,https://ma.jumia.is/unsafe/fit-in/300x300/filters:fill(white)/product/61/244126/1.jpg?8807,Jumia,2026-01-28 17:12:34
Chargeur universel pour ordinateur portable 120 W - Compatibilite 12 V-24 V,129.00 Dhs,,,,https://ma.jumia.is/unsafe/fit-in/300x300/filters:fill(white)/product/30/483176/1.jpg?2063,Jumia,2026-01-28 17:12:34
Housse PC Portable Sacoche Sac PC Portable Ordinateur + Support PC - En cuir PU,180.00 Dhs,220.00 Dhs,18%,,https://ma.jumia.is/unsafe/fit-in/300x300/filters:fill(white)/product/45/609866/1.jpg?0637,Jumia,2026-01-28 17:12:34
"Sac à dos Cartable de luxe – Étanche, grande capacité et élégant – Idéal pour ordinateur portable, travail, école et voyage",420.00 Dhs,,,,https://ma.jumia.is/unsafe/fit-in/300x300/filters:fill(white)/product/67/170376/1.jpg?1401,Jumia,2026-01-28 17:12:34
"Sacoche pour PC portable 13 pouce, Cartable d'affaire, voyage, bag ordinateur",117.00 Dhs,169.00 Dhs,31%,,https://ma.jumia.is/unsafe/fit-in/300x300/filters:fill(white)/product/47/572356/1.jpg?3487,Jumia,2026-01-28 17:12:34
Hp Pack PC Bureau Complet – Core i5 4éme - 8Go RAM - 128Go SSD - Écran 19” - Remis à Neuf,"1,349.00 Dhs","1,700.00 Dhs",21%,,https://ma.jumia.is/unsafe/fit-in/300x300/filters:fill(white)/product/18/855176/1.jpg?7043,Jumia,2026-01-28 17:12:34
"DELL Pc OPTIPLEX 3040 CORE i5-6500 3,2Ghz 6éme Génération 8Go 256Go SSD - HDMI -Remis à neuf","1,990.00 Dhs",,,4 out of 5,https://ma.jumia.is/unsafe/fit-in/300x300/filters:fill(white)/product/56/539656/1.jpg?0867,Jumia,2026-01-28 17:12:34
"Haoxiang backpack ordinateur, business loisirs, voyage, cartable étudiant avec port USB",177.00 Dhs,349.00 Dhs,49%,3.6 out of 5,https://ma.jumia.is/unsafe/fit-in/300x300/filters:fill(white)/product/91/097326/1.jpg?5047,Jumia,2026-01-28 17:12:34
"Chargeur HP pour ordinateur portable,Alimentation:19,5V 3,33A≃2,31A",120.00 Dhs,299.00 Dhs,60%,2.8 out of 5,https://ma.jumia.is/unsafe/fit-in/300x300/filters:fill(white)/product/27/877083/1.jpg?6155,Jumia,2026-01-28 17:12:34
"Lecteur de carte de Type C 3 en 1, lecteur de carte mémoire Micro SD TF, adaptateur de disque U externe pour iPhone série 15, ordinateur portable, tablette, convertisseur OTG",79.00 Dhs,199.00 Dhs,60%,,https://ma.jumia.is/unsafe/fit-in/300x300/filters:fill(white)/product/76/870176/1.jpg?0723,Jumia,2026-01-28 17:12:34
"Sac à main pochette, Sacoche pour pc 14 pouces, sac Housses Ordinateur d'affaire",79.00 Dhs,129.00 Dhs,39%,5 out of 5,https://ma.jumia.is/unsafe/fit-in/300x300/filters:fill(white)/product/56/922156/1.jpg?2852,Jumia,2026-01-28 17:12:35
"Lenovo PC Portable Thinkpad V15 G2 IJL - Écran 15.6"" - Core Intel 11ème Génération - RAM 8GB - 256 SSD - AZERTY - Garantie 6 mois - Remis à Neuf","2,489.00 Dhs","4,399.00 Dhs",43%,,https://ma.jumia.is/unsafe/fit-in/300x300/filters:fill(white)/product/59/879176/1.jpg?2218,Jumia,2026-01-28 17:12:35
Lampe de lecture pour ordinateur portable avec lampe USB,29.00 Dhs,,,,https://ma.jumia.is/unsafe/fit-in/300x300/filters:fill(white)/product/33/319736/1.jpg?1404,Jumia,2026-01-28 17:12:35
"Logitech M171 Souris Sans Fil pour PC, Mac, Ordinateur portable, 2,4 GHz avec Mini-récepteur USB, Suivi Optique, Autonomie de Piles de 12 mois, Ambidextre - Rose",99.00 Dhs,132.00 Dhs,25%,4.7 out of 5,https://ma.jumia.is/unsafe/fit-in/300x300/filters:fill(white)/product/93/605756/1.jpg?9647,Jumia,2026-01-28 17:12:35
"Cartable Sac à Dos pour PC Portable Ordinateur, Multi Poches,USB Telephone -Noir",149.00 Dhs,298.00 Dhs,50%,3.3 out of 5,https://ma.jumia.is/unsafe/fit-in/300x300/filters:fill(white)/product/71/307585/1.jpg?0325,Jumia,2026-01-28 17:12:35
"Mini concentrateur USB Type C,adaptateur 4 ports,répartiteur multiple,station d'accueil 4 en 1, ultra fin,aluminium Smile Speed,ordinateur portable,PC",45.00 Dhs,"1,000.00 Dhs",96%,5 out of 5,https://ma.jumia.is/unsafe/fit-in/300x300/filters:fill(white)/product/32/950466/1.jpg?3101,Jumia,2026-01-28 17:12:35
Support d'écran d'ordinateur en bois avec 2 Tiroirs,329.00 Dhs,499.00 Dhs,34%,1 out of 5,https://ma.jumia.is/unsafe/fit-in/300x300/filters:fill(white)/product/15/012206/1.jpg?0852,Jumia,2026-01-28 17:12:35
Souris Bluetooth 2.4G USB Sans Fil Lumineux Rechargeable pour Tablette Téléphone Ordinateur,99.00 Dhs,,,,https://ma.jumia.is/unsafe/fit-in/300x300/filters:fill(white)/product/88/901376/1.jpg?7402,Jumia,2026-01-28 17:12:35
"Table support DaoRier pour ordinateur portable dans la voiture, pliable",179.00 Dhs,349.00 Dhs,49%,,https://ma.jumia.is/unsafe/fit-in/300x300/filters:fill(white)/product/36/311382/1.jpg?4411,Jumia,2026-01-28 17:12:35
"Hp Écran PC 20"" LED à cristaux LA2006X (VGA-DisplayPort-DVI-USB) - Remis à Neuf",750.00 Dhs,,,,https://ma.jumia.is/unsafe/fit-in/300x300/filters:fill(white)/product/71/873276/1.jpg?1863,Jumia,2026-01-28 17:12:35
ESSAGER USB carte son externe 3.5mm USB adaptateur écouteur microphone haut-parleur Interface Audio pour PC PS4 ordinateur portable carte son,119.00 Dhs,299.00 Dhs,60%,5 out of 5,https://ma.jumia.is/unsafe/fit-in/300x300/filters:fill(white)/product/59/219266/1.jpg?3405,Jumia,2026-01-28 17:12:36
Samsung RAM 16GB DDR4 PC4-21300 DDR4-2666 MHz Pour Ordinateur Portable Mémoire Vive RAM,520.00 Dhs,850.00 Dhs,39%,,https://ma.jumia.is/unsafe/fit-in/300x300/filters:fill(white)/product/05/065936/1.jpg?7846,Jumia,2026-01-28 17:12:36
Table de Bureau Portable pour Ordinateur avec Porte-Boisson pour lit et Voyage,199.00 Dhs,230.00 Dhs,13%,,https://ma.jumia.is/unsafe/fit-in/300x300/filters:fill(white)/product/71/215456/1.jpg?4383,Jumia,2026-01-28 17:12:36
"Jedel Haut Parleur Gamer RGB, Baffes Haut-Parleurs Gaming USB Pour PC Portable Ordinateur",75.00 Dhs,110.00 Dhs,32%,4.3 out of 5,https://ma.jumia.is/unsafe/fit-in/300x300/filters:fill(white)/product/08/092166/1.jpg?1011,Jumia,2026-01-28 17:12:36
DELL Z2 Mini G3 Intel Core i7-7700 16 Go DDR4- Disque Dur 512 Go SSD Mini PC Station de travail - Remis a Neuf -,"3,250.00 Dhs","3,690.00 Dhs",12%,,https://ma.jumia.is/unsafe/fit-in/300x300/filters:fill(white)/product/21/792566/1.jpg?8529,Jumia,2026-01-28 17:12:36
"Stray Kids Skzoo Stickers Pack - 50 autocollants en vinyle imperméables pour bouteille d'eau, ordinateur portable, skat",39.00 Dhs,100.00 Dhs,61%,1 out of 5,https://ma.jumia.is/unsafe/fit-in/300x300/filters:fill(white)/product/74/436956/1.jpg?0098,Jumia,2026-01-28 17:12:36
Support Telephone Portable PC Portable Ordinateur Bureau Magnetic PC Aluminium,39.00 Dhs,,,3.7 out of 5,https://ma.jumia.is/unsafe/fit-in/300x300/filters:fill(white)/product/33/844646/1.jpg?9584,Jumia,2026-01-28 17:12:36
Base de bureau pour ordinateur portable avec table pliable,849.00 Dhs,"1,000.00 Dhs",15%,5 out of 5,https://ma.jumia.is/unsafe/fit-in/300x300/filters:fill(white)/product/93/991656/1.jpg?3604,Jumia,2026-01-28 17:12:36
"Sac pour pc portable, mallette pour pc, cartable, sacoche - 14 POUCES - gris",97.00 Dhs,299.00 Dhs,68%,4 out of 5,https://ma.jumia.is/unsafe/fit-in/300x300/filters:fill(white)/product/56/482726/1.jpg?1265,Jumia,2026-01-28 17:12:36
Lenovo Ordinateur tout en un ThinkCentre Core i5 8eme Ram 8 Disque dur 256 go ssd Remis a Neuf,"2,989.00 Dhs","3,500.00 Dhs",15%,1 out of 5,https://ma.jumia.is/unsafe/fit-in/300x300/filters:fill(white)/product/05/114276/1.jpg?8942,Jumia,2026-01-28 17:12:36
"Câble adaptateur secteur universel pour ordinateur portable AC standard à 3 broches 2 broches UE standard 1,5 M",29.00 Dhs,45.00 Dhs,36%,3.9 out of 5,https://ma.jumia.is/unsafe/fit-in/300x300/filters:fill(white)/product/48/142843/1.jpg?4225,Jumia,2026-01-28 17:12:36
"Lot de 50 autocollants Eid Mubarak, Ramadan mubarak - Autocollants de style islamique pour bouteilles d'eau, ordinateurs portables, étuis de téléphone, guitares - Décorations Ramadan Kareem,",52.00 Dhs,99.00 Dhs,47%,,https://ma.jumia.is/unsafe/fit-in/300x300/filters:fill(white)/product/56/924266/1.jpg?6010,Jumia,2026-01-28 17:12:36
"Câble Chargeur Multi USB 4 en 1, Charge Rapide, pour ordinateur portable IPhone IPad Etc",49.00 Dhs,99.00 Dhs,51%,,https://ma.jumia.is/unsafe/fit-in/300x300/filters:fill(white)/product/58/340966/1.jpg?1452,Jumia,2026-01-28 17:12:36
Clavier et Souris Bluetooth Sans Fil azerty Pour Ordinateur et Smart TV,139.00 Dhs,179.00 Dhs,22%,4.5 out of 5,https://ma.jumia.is/unsafe/fit-in/300x300/filters:fill(white)/product/94/162946/1.jpg?5964,Jumia,2026-01-28 17:12:45
"Sacoche pc portable,mallette portable pour Ordinateur Portable 15.6",169.00 Dhs,,,4 out of 5,https://ma.jumia.is/unsafe/fit-in/300x300/filters:fill(white)/product/47/000885/1.jpg?2156,Jumia,2026-01-28 17:12:45
"Remax Écouteurs sans fil 5.0 étanches IPX5 avec microphone ultra léger mains libres stéréo pour téléphones portables, ordinateurs, tablettes et sports (6 heures de lecture)",130.00 Dhs,199.00 Dhs,35%,5 out of 5,https://ma.jumia.is/unsafe/fit-in/300x300/filters:fill(white)/product/09/102466/1.jpg?9952,Jumia,2026-01-28 17:12:45
SH Souris Optique Sans fil Double Connectivité Bluetooth et USB wirless 2.4Ghz 800 - 1200 - 1600 dpi haute résolution pour ordinateur bureau et portable,59.00 Dhs,150.00 Dhs,61%,4.5 out of 5,https://ma.jumia.is/unsafe/fit-in/300x300/filters:fill(white)/product/38/539366/1.jpg?0086,Jumia,2026-01-28 17:12:45
Support pour ordinateur portable support de rangement pliant créatif,77.00 Dhs,,,3.3 out of 5,https://ma.jumia.is/unsafe/fit-in/300x300/filters:fill(white)/product/64/312226/1.jpg?9434,Jumia,2026-01-28 17:12:45
Support téléphone magnétique pour ordinateur portable,47.00 Dhs,75.00 Dhs,37%,,https://ma.jumia.is/unsafe/fit-in/300x300/filters:fill(white)/product/31/581036/1.jpg?8223,Jumia,2026-01-28 17:12:45
"Tapis de Souris Floral Whisper Cerisier - Petit Tapis de Bureau Antidérapant avec Nuances Inspirées Rose/Blanc/Beige/Vert, Surface Douce pour PC/Ordinateur Portable/Bureau/Jeu, Compatible avec Clavier et Ordinateur",74.00 Dhs,125.00 Dhs,41%,,https://ma.jumia.is/unsafe/fit-in/300x300/filters:fill(white)/product/69/837376/1.jpg?3911,Jumia,2026-01-28 17:12:45
Manette de jeu sans fil Bluetooth 4.0 GSH V8 pour PC Windows 7/8/10/Switch Tv Box/Ordinateur portable/Smartphones -couleur aléatoire,175.00 Dhs,299.00 Dhs,41%,5 out of 5,https://ma.jumia.is/unsafe/fit-in/300x300/filters:fill(white)/product/80/100466/1.jpg?3778,Jumia,2026-01-28 17:12:45
Refroidisseur d'ordinateur portable Doté de 6 ventilateurs ultra silencieux avec effets lumineux colorés - support d'ordinateur portable réglable jusqu'à 19 pouces,232.00 Dhs,360.00 Dhs,36%,4.8 out of 5,https://ma.jumia.is/unsafe/fit-in/300x300/filters:fill(white)/product/35/932176/1.jpg?6804,Jumia,2026-01-28 17:12:45
Table Ordinateur Portable Pliable Réglable 360° Ventilateurs Usb Refroidissement,199.00 Dhs,300.00 Dhs,34%,5 out of 5,https://ma.jumia.is/unsafe/fit-in/300x300/filters:fill(white)/product/47/868316/1.jpg?1525,Jumia,2026-01-28 17:12:45
"Tapis de souris Monstre Épée - Base en caoutchouc antidérapante, Mini tapis de clavier style paysage, Lavable, Durable, Accessoire de bureau et cadeau parfait pour femmes, Convient pour le bureau, l'école, l'ordinateur portable, le gaming et les voyages",74.00 Dhs,125.00 Dhs,41%,,https://ma.jumia.is/unsafe/fit-in/300x300/filters:fill(white)/product/31/227376/1.jpg?6155,Jumia,2026-01-28 17:12:45
Stickers NARUTO Autocollant de Bande Dessinée Étanche 10 Pièces/Lot,35.00 Dhs,199.00 Dhs,82%,4 out of 5,https://ma.jumia.is/unsafe/fit-in/300x300/filters:fill(white)/product/39/749314/1.jpg?2668,Jumia,2026-01-28 17:12:45
GameYes Tapis Gamer XXL RGB Color Led Gaming MousePad avec 14 mode,199.00 Dhs,,,4 out of 5,https://ma.jumia.is/unsafe/fit-in/300x300/filters:fill(white)/product/64/388554/1.jpg?3839,Jumia,2026-01-28 17:12:45
"Support Ordinateur Portable, Laptop Stand, Alliage D'aluminium, Léger, Compact Portable Pliable , Ventilation et Dissipation de la Chaleur, Réglage à 7 Vitesses, Support pc Portable",79.00 Dhs,119.00 Dhs,34%,,https://ma.jumia.is/unsafe/fit-in/300x300/filters:fill(white)/product/97/073376/1.jpg?8059,Jumia,2026-01-28 17:12:45
"Lunettes rondes Anti-lumière bleue pour femmes,Tendance oreilles de chat rose by For Ladys",79.00 Dhs,179.00 Dhs,56%,2 out of 5,https://ma.jumia.is/unsafe/fit-in/300x300/filters:fill(white)/product/92/950806/1.jpg?5607,Jumia,2026-01-28 17:12:45
"Sac à dos d'affaire multifonctionnel, cartable de voyage pour ordinateur, bag Pc",159.00 Dhs,249.00 Dhs,36%,,https://ma.jumia.is/unsafe/fit-in/300x300/filters:fill(white)/product/66/531376/1.jpg?8146,Jumia,2026-01-28 17:12:46
"Sac de Pc ,cartable pour voyage ,camping .sac a dos pour affaire, scolaire",377.00 Dhs,519.00 Dhs,27%,,https://ma.jumia.is/unsafe/fit-in/300x300/filters:fill(white)/product/59/806626/1.jpg?3746,Jumia,2026-01-28 17:12:46
Souris sans fil double Mode de connexion Bluetooth et 2.4G Portable et silencieux DPI réglable 600mAh Rechargeable RGB lumineuse Micro USB souris portables pour tablette téléphone ordinateur PC portable IPad tablette Smart TV Blanc,99.00 Dhs,199.00 Dhs,50%,,https://ma.jumia.is/unsafe/fit-in/300x300/filters:fill(white)/product/74/087176/1.jpg?4181,Jumia,2026-01-28 17:12:46
"Présentateur sans fil, pointeur de présentation, changeur de diapositives, télécommande, stylo, contrôleur PPT avec clip, 2,4 GHz, pour ordinateur portable et fenêtre",121.00 Dhs,295.00 Dhs,59%,4.5 out of 5,https://ma.jumia.is/unsafe/fit-in/300x300/filters:fill(white)/product/95/308366/1.jpg?2699,Jumia,2026-01-28 17:12:46
Souris sans fil Double connexion Bluetooth et 2.4GHz silencieuse 1600 DPI Réglable optique pour ordinateur portable PC Mac + 1 pile inclus,63.00 Dhs,130.00 Dhs,52%,3.4 out of 5,https://ma.jumia.is/unsafe/fit-in/300x300/filters:fill(white)/product/26/964166/1.jpg?7406,Jumia,2026-01-28 17:12:46
"Msi PC Gamer Ryzen 5 5600G 3.9Ghz/ 32Go DDR4/ 1 TERA Nvme/ GPU RADEON VEGA 7 MONITEUR 24"" 200HZ-NEUF","7,590.00 Dhs","7,990.00 Dhs",5%,,https://ma.jumia.is/unsafe/fit-in/300x300/filters:fill(white)/product/84/973476/1.jpg?0598,Jumia,2026-01-28 17:12:46
Adaptateur USB Type-C To HDMI 4K pour PC Ordinateur Téléphone affichage Tv,89.00 Dhs,150.00 Dhs,41%,5 out of 5,https://ma.jumia.is/unsafe/fit-in/300x300/filters:fill(white)/product/71/510756/1.jpg?8305,Jumia,2026-01-28 17:12:46
"DELL PC bureau OptiPlex 3020 SFF PEINTUM-RAM 4Go-HDD 500Go-avec écran 19"" (Remis à neuf)","1,089.00 Dhs","1,899.00 Dhs",43%,,https://ma.jumia.is/unsafe/fit-in/300x300/filters:fill(white)/product/81/674656/1.jpg?0354,Jumia,2026-01-28 17:12:46
"Sacoche case pour ordinateur ,Housse pour ordinateur portable laptop 16 pouce",199.00 Dhs,219.00 Dhs,9%,5 out of 5,https://ma.jumia.is/unsafe/fit-in/300x300/filters:fill(white)/product/15/579226/1.jpg?4351,Jumia,2026-01-28 17:12:46
"Mini aspirateur de voiture automatique et souffleur d'air sans fil pour voiture, Aspirateur Trois En Un",114.00 Dhs,179.00 Dhs,36%,3.4 out of 5,https://ma.jumia.is/unsafe/fit-in/300x300/filters:fill(white)/product/09/523246/1.jpg?8247,Jumia,2026-01-28 17:12:46
General Cadena Pc Portable - Antivol à code pour ordinateur portable,109.00 Dhs,,,,https://ma.jumia.is/unsafe/fit-in/300x300/filters:fill(white)/product/76/289023/1.jpg?9305,Jumia,2026-01-28 17:12:46
"Cable Imprimante USB 3.0 A-Mâle vers B-Mâle,Ordinateur, Serveur, Imprimante-Noir",100.00 Dhs,,,,https://ma.jumia.is/unsafe/fit-in/300x300/filters:fill(white)/product/12/379835/1.jpg?7271,Jumia,2026-01-28 17:12:46
"Sac à dos étanche pour homme et femme, Pour école, ordinateur et voyage",119.00 Dhs,198.00 Dhs,40%,,https://ma.jumia.is/unsafe/fit-in/300x300/filters:fill(white)/product/74/686966/1.jpg?7107,Jumia,2026-01-28 17:12:46
"Lampe de bureau LED, pour ordinateur, bureau, rechargeable USB, soin des yeux, contrôle tactile",119.00 Dhs,149.00 Dhs,20%,4.5 out of 5,https://ma.jumia.is/unsafe/fit-in/300x300/filters:fill(white)/product/61/821646/1.jpg?1388,Jumia,2026-01-28 17:12:46
"Onikuma Casque Gaming d'ordinateur stéréo filaire USB + Jack 3,5 mm avec Haut-Parleurs 50mm, Éclairage RGB,avec micro à lumière LED Cache-oreilles à mémoire souple Accessoires de jeu X31",179.00 Dhs,299.00 Dhs,40%,,https://ma.jumia.is/unsafe/fit-in/300x300/filters:fill(white)/product/27/049276/1.jpg?0029,Jumia,2026-01-28 17:12:46
Imice Souris de jeu 3200 DPI USB LED optique filaire pour ordinateur portable PC Gamer version amélioré,93.00 Dhs,179.00 Dhs,48%,5 out of 5,https://ma.jumia.is/unsafe/fit-in/300x300/filters:fill(white)/product/03/842575/1.jpg?5545,Jumia,2026-01-28 17:12:47
"Ordinateur éducatif pour enfants – Tablette d’enseignement Français-Arabe, jeux de logique et de calcul",95.00 Dhs,150.00 Dhs,37%,,https://ma.jumia.is/unsafe/fit-in/300x300/filters:fill(white)/product/17/476276/1.jpg?0833,Jumia,2026-01-28 17:12:47
Table pour l’écran Ordinateur bureaux,149.00 Dhs,239.00 Dhs,38%,4.7 out of 5,https://ma.jumia.is/unsafe/fit-in/300x300/filters:fill(white)/product/66/075806/1.jpg?4315,Jumia,2026-01-28 17:12:47
"Imprimante thermique portable sans fil Bluetooth pour ordinateur portable Android et iOS, papier A4, imprimante photo de poche, imprimante de documents, 1000mAh",989.00 Dhs,"2,299.00 Dhs",57%,,https://ma.jumia.is/unsafe/fit-in/300x300/filters:fill(white)/product/24/144856/1.jpg?9785,Jumia,2026-01-28 17:12:47
"Sacoche case pour ordinateur ,Housse pour ordinateur portable laptop 15 pouce",189.00 Dhs,199.00 Dhs,5%,,https://ma.jumia.is/unsafe/fit-in/300x300/filters:fill(white)/product/05/579226/1.jpg?4351,Jumia,2026-01-28 17:12:47
Lenovo PC PORTABLE THINKPAD L570P-I5-6TH GENERATION-8G-256Go SSD-AZERTY-REMIS A NEUF,"1,950.00 Dhs",,,,https://ma.jumia.is/unsafe/fit-in/300x300/filters:fill(white)/product/69/041476/1.jpg?2665,Jumia,2026-01-28 17:12:47
Adaptateur réseau 1000 Mbps USB TYPE-C vers RJ45 Adaptateur Ethernet LAN Carte réseau 10/100/1000 Mbps pour ordinateur portable Macbook Windows,81.00 Dhs,150.00 Dhs,46%,4.3 out of 5,https://ma.jumia.is/unsafe/fit-in/300x300/filters:fill(white)/product/26/744166/1.jpg?1825,Jumia,2026-01-28 17:12:47
"STYLUS Stylos intelligent pour écran tactile, stylo Aluminium pour Tablettes, iPad, Téléphone et Ordinateur Portable",149.00 Dhs,305.00 Dhs,51%,4.3 out of 5,https://ma.jumia.is/unsafe/fit-in/300x300/filters:fill(white)/product/73/753346/1.jpg?3245,Jumia,2026-01-28 17:12:47
"Sacoche Sac PC Portable, Housse Ordinateur Portable + Support PC en cuir fin",180.00 Dhs,250.00 Dhs,28%,4.5 out of 5,https://ma.jumia.is/unsafe/fit-in/300x300/filters:fill(white)/product/32/989826/1.jpg?5065,Jumia,2026-01-28 17:12:47
"Jedel Haut Parleur Gamer Baffes Haut Parleurs Gaming RGB, USB Pour PC portable Ordinateur",75.00 Dhs,120.00 Dhs,38%,5 out of 5,https://ma.jumia.is/unsafe/fit-in/300x300/filters:fill(white)/product/46/892266/1.jpg?3025,Jumia,2026-01-28 17:12:47
